recording,method,latency_budget_ms,seed,budget_windows,der,miss,false_alarm,confusion,jer,der_no_overlap,der_collar250ms,overlap_miss_floor,n_speakers_true,n_speakers_pred,speaker_count_error,latency_median_ms,latency_p95_ms,latency_max_ms,latency_first_ms,n_decisions,turn_accuracy,duration_s,overlap_fraction,embed_s,cluster_s,total_s,rtf,extra_mean_query_size,extra_k_estimated
test_000_1000,online,0.0,0,0,0.1542347196497727,0.0756019531907728,0.0227310995117023,0.0559016669472975,0.2329038545909063,0.0997856168388228,0.0589005235602094,0.0680249200202054,3.0,3.0,0.0,0.0,0.0,0.0,0.0,225.0,0.9447236180904522,60.0,0.0729900632339656,0.0899880000215489,0.0349450999929104,0.1501028000202495,0.0025017133336708,1.0,
test_000_1001,online,0.0,0,0,0.2744034707158351,0.064172089660159,0.0448300795372378,0.1654013015184381,0.3911020053063143,0.2349737797498991,0.1056955093099671,0.051879971077368,3.0,5.0,2.0,0.0,0.0,0.0,0.0,217.0,0.8333333333333334,60.0,0.0547187797902764,0.0658856999943964,0.0421234000241383,0.1284423000179231,0.0021407050002987,1.0,
test_000_1002,online,0.0,0,0,0.4073102483385799,0.0431969220006995,0.0269324938789786,0.3371808324589017,0.8048341047284019,0.384904243334585,0.3153396311291048,0.0342777194823364,3.0,3.0,0.0,0.0,0.0,0.0,0.0,225.0,0.6523809523809524,60.0,0.0354943860919956,0.0731032000039704,0.0537294000096153,0.1557307000039145,0.0025955116667319,1.0,
test_000_1003,online,0.0,0,0,0.3307624890446976,0.0255915863277826,0.024715162138475,0.2804557405784399,0.6192839478622693,0.3185239581420965,0.2552702984763097,0.0226117440841367,5.0,5.0,0.0,0.0,0.0,0.0,0.0,228.0,0.7077625570776256,60.0,0.0231348637015781,0.0652986000059172,0.04069000002346,0.1327445000351872,0.0022124083339197,1.0,
test_000_1004,online,0.0,0,0,0.3304251269035533,0.1153236040609137,0.0115799492385786,0.2035215736040609,0.6175001788360335,0.2604887983706721,0.252037752037752,0.1105647208121827,4.0,4.0,0.0,0.0,0.0,0.0,0.0,226.0,0.7606382978723404,60.0,0.1243088995897984,0.0591107000072952,0.0244806999980937,0.107281900011003,0.00178803166685,1.0,
test_000_1005,online,0.0,0,0,0.2830156569094622,0.0660313138189244,0.0233151803948264,0.1936691626957113,0.4176902969233007,0.2535318823978618,0.1751183231913455,0.05428863172226,5.0,6.0,1.0,0.0,0.0,0.0,0.0,225.0,0.7871287128712872,60.0,0.057405074680583,0.0517783999966923,0.0381232000072486,0.1060787000169511,0.0017679783336158,1.0,
test_000_1006,online,0.0,0,0,0.2573148302959371,0.0822604915565958,0.018558769436549,0.1564955693027921,0.4149261444568796,0.2055304961757207,0.1208609271523178,0.0737334893830463,5.0,6.0,1.0,0.0,0.0,0.0,0.0,224.0,0.845360824742268,60.0,0.0796028880866425,0.0710147999925538,0.0358048999914899,0.1301965999882668,0.0021699433331377,1.0,
test_000_1007,online,0.0,0,0,0.3621547435237605,0.0718819694630296,0.0283067421513124,0.2619660319094184,0.606388658749885,0.3415499901400118,0.2868073266867609,0.0650197289414994,2.0,3.0,1.0,0.0,0.0,0.0,0.0,223.0,0.705,60.0,0.0695412844036697,0.0921557999972719,0.0434320999775081,0.1592587999475654,0.0026543133324594,1.0,
test_000_1008,online,0.0,0,0,0.1184916104480193,0.0477426050856253,0.0164331430548348,0.0543158623075592,0.1769395872164441,0.0850423330197554,0.0267624020887728,0.0403044455976474,2.0,2.0,0.0,0.0,0.0,0.0,0.0,224.0,0.9473684210526316,60.0,0.0419971160778658,0.0633191999804694,0.0491956000041682,0.1397685999982059,0.0023294766666367,1.0,
test_000_1009,online,0.0,0,0,0.4199259616932239,0.0928697891517785,0.0143248028327699,0.3127313697086754,0.7647316985357993,0.3732763643425908,0.332532226349137,0.0856269113149847,3.0,3.0,0.0,0.0,0.0,0.0,0.0,229.0,0.6580310880829016,60.0,0.0936454849498327,0.0860836999781895,0.0437346000107936,0.1547039999859407,0.0025783999997656,1.0,
test_000_1010,online,0.0,0,0,0.1791331702202027,0.0527787486892694,0.018350227193289,0.1080041943376441,0.2727299375677119,0.1475628332063975,0.0843973165981389,0.0410695560992659,5.0,5.0,0.0,0.0,0.0,0.0,0.0,221.0,0.8840579710144928,60.0,0.0428285037361035,0.1941203000023961,0.0372931000019889,0.2548819000076037,0.0042480316667933,1.0,
test_000_1011,online,0.0,0,0,0.2329800899165061,0.0855812459858702,0.0208734746307,0.1265253692999357,0.6464980171299742,0.1412625096227867,0.144118827780008,0.0828516377649325,3.0,3.0,0.0,0.0,0.0,0.0,0.0,233.0,0.8823529411764706,60.0,0.0903361344537815,0.1101605999865569,0.0413916000106837,0.176980199990794,0.0029496699998465,1.0,
test_000_1012,online,0.0,0,0,0.3423506036986092,0.1242549289316827,0.0221610881858474,0.195934586581079,0.4737956971664837,0.2920782100382987,0.2507153863086066,0.1208925569310713,2.0,3.0,1.0,0.0,0.0,0.0,0.0,235.0,0.7553191489361702,60.0,0.1375173852573018,0.0627925999870058,0.0851360000087879,0.1743272999883629,0.002905454999806,1.0,
test_000_1013,online,0.0,0,0,0.1783858676827156,0.0481468652580533,0.0223415310010391,0.1078974714236231,0.5233951969735274,0.1432380952380952,0.0821799307958477,0.0453758226532732,5.0,4.0,-1.0,0.0,0.0,0.0,0.0,225.0,0.8846153846153846,60.0,0.047532656023222,0.1722372000222094,0.0393690000055357,0.2363170000026002,0.00393861666671,1.0,
test_000_1014,online,0.0,0,0,0.251071258530392,0.0968100301539438,0.0172988414537375,0.1369623869227106,0.5324458512776162,0.1591709034024247,0.0941499085923217,0.094588160609427,5.0,4.0,-1.0,0.0,0.0,0.0,0.0,232.0,0.8911917098445595,60.0,0.1035933391761612,0.1099405999993905,0.0453717999916989,0.1817746000015176,0.0030295766666919,1.0,
test_000_1015,online,0.0,0,0,0.249617931737137,0.0485651214128035,0.0249617931737137,0.1760910171506198,0.2500499567763299,0.2144851982870973,0.1485002112378538,0.0439803022584479,3.0,7.0,4.0,0.0,0.0,0.0,0.0,230.0,0.8215962441314554,60.0,0.0460035523978685,0.0563025000155903,0.0361325000121723,0.1135089000454172,0.0018918150007569,1.0,
test_000_1016,online,0.0,0,0,0.2439224704336399,0.0905059132720105,0.0226675427069645,0.1307490144546649,0.2830000718658934,0.1804791830322074,0.1193729003359462,0.0818002628120893,4.0,6.0,2.0,0.0,0.0,0.0,0.0,227.0,0.864321608040201,60.0,0.089087656529517,0.0531539999938104,0.0327366999990772,0.1092238999844994,0.0018203983330749,1.0,
test_000_1017,online,0.0,0,0,0.4302402105955906,0.0771635406383678,0.02319842053307,0.3298782494241526,0.6734930602667627,0.4095438865465696,0.3326300984528832,0.0707469562356038,4.0,6.0,2.0,0.0,0.0,0.0,0.0,230.0,0.64,60.0,0.0761331444759206,0.0550264999910723,0.0265971999906469,0.1044079999846872,0.0017401333330781,1.0,
test_000_1018,online,0.0,0,0,0.2972413793103448,0.0667241379310344,0.0236206896551724,0.2068965517241379,0.3058104979176536,0.2546132705143306,0.1303045431852221,0.0608620689655172,2.0,3.0,1.0,0.0,0.0,0.0,0.0,222.0,0.785,60.0,0.0648063154029741,0.0526862999831792,0.0242489000083878,0.0965888999926392,0.0016098149998773,1.0,
test_000_1019,online,0.0,0,0,0.4433396194068232,0.0560603463055031,0.0204011657809017,0.3668781073204183,0.8787633956216421,0.3974919247577427,0.3768813967489464,0.0488599348534201,4.0,3.0,-1.0,0.0,0.0,0.0,0.0,225.0,0.6333333333333333,60.0,0.0513698630136986,0.0548873999796342,0.0357606000034138,0.1136157999862916,0.0018935966664381,1.0,
test_000_1020,online,0.0,0,0,0.4912663755458515,0.0935505542492442,0.0298958683238159,0.3678199529727914,0.8468468468468469,0.4682828282828283,0.38293162813576,0.0843130668458179,4.0,3.0,-1.0,0.0,0.0,0.0,0.0,223.0,0.581151832460733,60.0,0.0920763022743947,0.0540689000044949,0.0347015000006649,0.1103563999931793,0.0018392733332196,1.0,
test_000_1021,online,0.0,0,0,0.2056634304207119,0.1111650485436893,0.0132686084142394,0.0812297734627831,0.2878232867083201,0.1223297057638049,0.0911011974641934,0.0985436893203883,5.0,5.0,0.0,0.0,0.0,0.0,0.0,223.0,0.9297297297297298,60.0,0.1093161012385568,0.0533586000092327,0.028896599978907,0.1057174999732524,0.0017619583328875,1.0,
test_000_1022,online,0.0,0,0,0.6240562800274537,0.0427247769389155,0.0250514756348661,0.5562800274536719,0.9756687943890696,0.6279329608938548,0.5828981723237598,0.039293067947838,5.0,3.0,-2.0,0.0,0.0,0.0,0.0,229.0,0.3981042654028436,60.0,0.0409001607429898,0.0534801000030711,0.0359248000022489,0.1116034000006038,0.0018600566666767,1.0,
test_000_1023,online,0.0,0,0,0.3682213438735178,0.1141501976284585,0.0232411067193675,0.2308300395256917,0.6365949117618832,0.308178666122782,0.2464488636363636,0.1124110671936758,5.0,4.0,-1.0,0.0,0.0,0.0,0.0,230.0,0.7297297297297297,60.0,0.1266476665479159,0.0530780999979469,0.0388993000087793,0.1131532000144943,0.0018858866669082,1.0,
test_000_1000,online,125.0,0,0,0.1542347196497727,0.0756019531907728,0.0227310995117023,0.0559016669472975,0.2329038545909063,0.0997856168388228,0.0589005235602094,0.0680249200202054,3.0,3.0,0.0,0.0,0.0,0.0,0.0,225.0,0.9447236180904522,60.0,0.0729900632339656,0.0922070999804418,0.032013599993661,0.1464262999652419,0.002440438332754,1.0,
test_000_1001,online,125.0,0,0,0.2744034707158351,0.064172089660159,0.0448300795372378,0.1654013015184381,0.3911020053063143,0.2349737797498991,0.1056955093099671,0.051879971077368,3.0,5.0,2.0,0.0,0.0,0.0,0.0,217.0,0.8333333333333334,60.0,0.0547187797902764,0.1249377999920398,0.1657143000047654,0.3644740000017918,0.0060745666666965,1.0,
test_000_1002,online,125.0,0,0,0.4073102483385799,0.0431969220006995,0.0269324938789786,0.3371808324589017,0.8048341047284019,0.384904243334585,0.3153396311291048,0.0342777194823364,3.0,3.0,0.0,0.0,0.0,0.0,0.0,225.0,0.6523809523809524,60.0,0.0354943860919956,1.0772130999830551,0.0452898999792523,1.1476160999736749,0.0191269349995612,1.0,
test_000_1003,online,125.0,0,0,0.3307624890446976,0.0255915863277826,0.024715162138475,0.2804557405784399,0.6192839478622693,0.3185239581420965,0.2552702984763097,0.0226117440841367,5.0,5.0,0.0,0.0,0.0,0.0,0.0,228.0,0.7077625570776256,60.0,0.0231348637015781,0.0800346999894827,0.0488211999763734,0.1518474999757018,0.0025307916662616,1.0,
test_000_1004,online,125.0,0,0,0.3304251269035533,0.1153236040609137,0.0115799492385786,0.2035215736040609,0.6175001788360335,0.2604887983706721,0.252037752037752,0.1105647208121827,4.0,4.0,0.0,0.0,0.0,0.0,0.0,226.0,0.7606382978723404,60.0,0.1243088995897984,0.06670190001023,0.0343601999920792,0.1235611000156495,0.0020593516669274,1.0,
test_000_1005,online,125.0,0,0,0.2830156569094622,0.0660313138189244,0.0233151803948264,0.1936691626957113,0.4176902969233007,0.2535318823978618,0.1751183231913455,0.05428863172226,5.0,6.0,1.0,0.0,0.0,0.0,0.0,225.0,0.7871287128712872,60.0,0.057405074680583,0.0552471999835688,0.0372513000038452,0.115383299998939,0.0019230549999823,1.0,
test_000_1006,online,125.0,0,0,0.2573148302959371,0.0822604915565958,0.018558769436549,0.1564955693027921,0.4149261444568796,0.2055304961757207,0.1208609271523178,0.0737334893830463,5.0,6.0,1.0,0.0,0.0,0.0,0.0,224.0,0.845360824742268,60.0,0.0796028880866425,0.0746642000158317,0.0373540000000502,0.1342238000361248,0.0022370633339354,1.0,
test_000_1007,online,125.0,0,0,0.3621547435237605,0.0718819694630296,0.0283067421513124,0.2619660319094184,0.606388658749885,0.3415499901400118,0.2868073266867609,0.0650197289414994,2.0,3.0,1.0,0.0,0.0,0.0,0.0,223.0,0.705,60.0,0.0695412844036697,0.0670838000078219,0.035419499996351,0.1255068000173196,0.0020917800002886,1.0,
test_000_1008,online,125.0,0,0,0.1184916104480193,0.0477426050856253,0.0164331430548348,0.0543158623075592,0.1769395872164441,0.0850423330197554,0.0267624020887728,0.0403044455976474,2.0,2.0,0.0,0.0,0.0,0.0,0.0,224.0,0.9473684210526316,60.0,0.0419971160778658,0.0667363999818917,0.0336206000065431,0.1215104000002611,0.0020251733333376,1.0,
test_000_1009,online,125.0,0,0,0.4199259616932239,0.0928697891517785,0.0143248028327699,0.3127313697086754,0.7647316985357993,0.3732763643425908,0.332532226349137,0.0856269113149847,3.0,3.0,0.0,0.0,0.0,0.0,0.0,229.0,0.6580310880829016,60.0,0.0936454849498327,0.0621245999936945,0.0396949000132735,0.1231203000061214,0.002052005000102,1.0,
test_000_1010,online,125.0,0,0,0.1791331702202027,0.0527787486892694,0.018350227193289,0.1080041943376441,0.2727299375677119,0.1475628332063975,0.0843973165981389,0.0410695560992659,5.0,5.0,0.0,0.0,0.0,0.0,0.0,221.0,0.8840579710144928,60.0,0.0428285037361035,0.0621198000153526,0.0418770999822299,0.1265241000219248,0.0021087350003654,1.0,
test_000_1011,online,125.0,0,0,0.2329800899165061,0.0855812459858702,0.0208734746307,0.1265253692999357,0.6464980171299742,0.1412625096227867,0.144118827780008,0.0828516377649325,3.0,3.0,0.0,0.0,0.0,0.0,0.0,233.0,0.8823529411764706,60.0,0.0903361344537815,0.0594610999978613,0.0590603000018745,0.1458353999769315,0.0024305899996155,1.0,
test_000_1012,online,125.0,0,0,0.3423506036986092,0.1242549289316827,0.0221610881858474,0.195934586581079,0.4737956971664837,0.2920782100382987,0.2507153863086066,0.1208925569310713,2.0,3.0,1.0,0.0,0.0,0.0,0.0,235.0,0.7553191489361702,60.0,0.1375173852573018,0.0620772000111173,0.0459155999997165,0.1353154999960679,0.0022552583332677,1.0,
test_000_1013,online,125.0,0,0,0.1783858676827156,0.0481468652580533,0.0223415310010391,0.1078974714236231,0.5233951969735274,0.1432380952380952,0.0821799307958477,0.0453758226532732,5.0,4.0,-1.0,0.0,0.0,0.0,0.0,225.0,0.8846153846153846,60.0,0.047532656023222,0.0663349999813363,0.0491979000216815,0.1408544000005349,0.0023475733333422,1.0,
test_000_1014,online,125.0,0,0,0.251071258530392,0.0968100301539438,0.0172988414537375,0.1369623869227106,0.5324458512776162,0.1591709034024247,0.0941499085923217,0.094588160609427,5.0,4.0,-1.0,0.0,0.0,0.0,0.0,232.0,0.8911917098445595,60.0,0.1035933391761612,0.0656007999787107,0.0399080000061076,0.1275813999818638,0.0021263566663643,1.0,
test_000_1015,online,125.0,0,0,0.249617931737137,0.0485651214128035,0.0249617931737137,0.1760910171506198,0.2500499567763299,0.2144851982870973,0.1485002112378538,0.0439803022584479,3.0,7.0,4.0,0.0,0.0,0.0,0.0,230.0,0.8215962441314554,60.0,0.0460035523978685,0.0577432999853044,0.0372623000002931,0.1208032999711576,0.0020133883328526,1.0,
test_000_1016,online,125.0,0,0,0.2439224704336399,0.0905059132720105,0.0226675427069645,0.1307490144546649,0.2830000718658934,0.1804791830322074,0.1193729003359462,0.0818002628120893,4.0,6.0,2.0,0.0,0.0,0.0,0.0,227.0,0.864321608040201,60.0,0.089087656529517,0.0659149999846704,0.0420141000067815,0.1322518999804742,0.0022041983330079,1.0,
test_000_1017,online,125.0,0,0,0.4302402105955906,0.0771635406383678,0.02319842053307,0.3298782494241526,0.6734930602667627,0.4095438865465696,0.3326300984528832,0.0707469562356038,4.0,6.0,2.0,0.0,0.0,0.0,0.0,230.0,0.64,60.0,0.0761331444759206,0.0700844000093638,0.0433345999917946,0.1388663999969139,0.0023144399999485,1.0,
test_000_1018,online,125.0,0,0,0.2972413793103448,0.0667241379310344,0.0236206896551724,0.2068965517241379,0.3058104979176536,0.2546132705143306,0.1303045431852221,0.0608620689655172,2.0,3.0,1.0,0.0,0.0,0.0,0.0,222.0,0.785,60.0,0.0648063154029741,0.0639863999967929,0.0432243999966885,0.1311616000020876,0.0021860266667014,1.0,
test_000_1019,online,125.0,0,0,0.4433396194068232,0.0560603463055031,0.0204011657809017,0.3668781073204183,0.8787633956216421,0.3974919247577427,0.3768813967489464,0.0488599348534201,4.0,3.0,-1.0,0.0,0.0,0.0,0.0,225.0,0.6333333333333333,60.0,0.0513698630136986,0.0612987999920733,0.043319699994754,0.1309399000019766,0.0021823316666996,1.0,
test_000_1020,online,125.0,0,0,0.4912663755458515,0.0935505542492442,0.0298958683238159,0.3678199529727914,0.8468468468468469,0.4682828282828283,0.38293162813576,0.0843130668458179,4.0,3.0,-1.0,0.0,0.0,0.0,0.0,223.0,0.581151832460733,60.0,0.0920763022743947,0.0618830999883357,0.0424695000110659,0.128252299997257,0.0021375383332876,1.0,
test_000_1021,online,125.0,0,0,0.2056634304207119,0.1111650485436893,0.0132686084142394,0.0812297734627831,0.2878232867083201,0.1223297057638049,0.0911011974641934,0.0985436893203883,5.0,5.0,0.0,0.0,0.0,0.0,0.0,223.0,0.9297297297297298,60.0,0.1093161012385568,0.0619675999914761,0.0448625999852083,0.1448423999827355,0.0024140399997122,1.0,
test_000_1022,online,125.0,0,0,0.6240562800274537,0.0427247769389155,0.0250514756348661,0.5562800274536719,0.9756687943890696,0.6279329608938548,0.5828981723237598,0.039293067947838,5.0,3.0,-2.0,0.0,0.0,0.0,0.0,229.0,0.3981042654028436,60.0,0.0409001607429898,0.1509132999926805,0.0486680000030901,0.2218842000002041,0.0036980700000034,1.0,
test_000_1023,online,125.0,0,0,0.3682213438735178,0.1141501976284585,0.0232411067193675,0.2308300395256917,0.6365949117618832,0.308178666122782,0.2464488636363636,0.1124110671936758,5.0,4.0,-1.0,0.0,0.0,0.0,0.0,230.0,0.7297297297297297,60.0,0.1266476665479159,0.4189308000204619,0.0562498999934177,0.4989900999935344,0.0083165016665589,1.0,
test_000_1000,online,250.0,0,1,0.1379020037043273,0.0756019531907728,0.0227310995117023,0.0395689510018521,0.1952839324569928,0.0808809198986552,0.0510471204188481,0.0680249200202054,3.0,3.0,0.0,250.0,250.0,250.0,250.0,225.0,0.964824120603015,60.0,0.0729900632339656,0.0976244999910704,0.0457198999938555,0.1685557999880984,0.0028092633331349,1.968888888888889,
test_000_1001,online,250.0,0,1,0.2118582791033984,0.064172089660159,0.0448300795372378,0.1028561099060014,0.2877076491794821,0.1651875756353368,0.0364184008762322,0.051879971077368,3.0,5.0,2.0,250.0,250.0,250.0,250.0,217.0,0.898989898989899,60.0,0.0547187797902764,0.3501912000065204,0.0770501999941188,0.4487675999989733,0.0074794599999828,1.9308755760368663,
test_000_1002,online,250.0,0,1,0.5806225953130465,0.0431969220006995,0.0269324938789786,0.5104931794333684,1.0765507744870668,0.5743522343221931,0.5166441745389114,0.0342777194823364,3.0,2.0,-1.0,250.0,250.0,250.0,250.0,225.0,0.4619047619047619,60.0,0.0354943860919956,0.1597715000098105,0.1497281999909319,0.3761745999800041,0.0062695766663334,1.9644444444444444,
test_000_1003,online,250.0,0,1,0.2711656441717791,0.0255915863277826,0.024715162138475,0.2208588957055214,0.4847351148503527,0.2561042775839912,0.211229388436652,0.0226117440841367,5.0,5.0,0.0,250.0,250.0,250.0,250.0,228.0,0.771689497716895,60.0,0.0231348637015781,0.1125481000053696,0.0530092999979388,0.1899760000233072,0.0031662666670551,1.9649122807017545,
test_000_1004,online,250.0,0,1,0.3136104060913706,0.1153236040609137,0.0115799492385786,0.1867068527918781,0.5851037071565288,0.235030549898167,0.2288717288717288,0.1105647208121827,4.0,4.0,0.0,250.0,250.0,250.0,250.0,226.0,0.7872340425531915,60.0,0.1243088995897984,0.0702963000221643,0.0563341999950353,0.1486398000270128,0.0024773300004502,1.9690265486725664,
test_000_1005,online,250.0,0,1,0.1691626957113682,0.0660313138189244,0.0233151803948264,0.0798162014976174,0.2425015999148509,0.1195112638411607,0.0640072120802344,0.05428863172226,5.0,6.0,1.0,250.0,250.0,250.0,250.0,225.0,0.9356435643564356,60.0,0.057405074680583,0.0657218999986071,0.0536006999900564,0.1444427999958861,0.0024073799999314,1.96,
test_000_1006,online,250.0,0,1,0.2133422504597893,0.0822604915565958,0.018558769436549,0.1125229894666443,0.3277322872170639,0.1533634045891351,0.0799432355723746,0.0737334893830463,5.0,6.0,1.0,250.0,250.0,250.0,250.0,224.0,0.8969072164948454,60.0,0.0796028880866425,0.0634443000017199,0.052802199992584,0.139603999996325,0.002326733333272,1.9598214285714288,
test_000_1007,online,250.0,0,1,0.3501458226110825,0.0718819694630296,0.0283067421513124,0.2499571109967404,0.5867392135619145,0.327746006704792,0.2800834685833526,0.0650197289414994,2.0,3.0,1.0,250.0,250.0,250.0,250.0,223.0,0.715,60.0,0.0695412844036697,0.0714331000053789,0.0579193000157829,0.1529784000304062,0.0025496400005067,1.9417040358744395,
test_000_1008,online,250.0,0,1,0.0882200311364815,0.0477426050856253,0.0164331430548348,0.0240442829960214,0.114214285627326,0.0521166509877704,0.0130548302872062,0.0403044455976474,2.0,2.0,0.0,250.0,250.0,250.0,250.0,224.0,0.9808612440191388,60.0,0.0419971160778658,0.0598256999801378,0.0534449000260792,0.1371458999929018,0.0022857649998816,1.9642857142857144,
test_000_1009,online,250.0,0,1,0.4197650088524062,0.0928697891517785,0.0143248028327699,0.3125704168678577,0.7647368352482499,0.3730821518741503,0.3351540310246886,0.0856269113149847,3.0,3.0,0.0,250.0,250.0,250.0,250.0,229.0,0.6580310880829016,60.0,0.0936454849498327,0.0818697999930009,0.0529662999906577,0.1586083999718539,0.0026434733328642,1.9781659388646289,
test_000_1010,online,250.0,0,1,0.1578119538622859,0.0527787486892694,0.018350227193289,0.0866829779797273,0.2380492704531349,0.1243335872048743,0.0664358363990478,0.0410695560992659,5.0,5.0,0.0,250.0,250.0,250.0,250.0,221.0,0.9082125603864736,60.0,0.0428285037361035,0.0622103000059723,0.0513530999887734,0.137140199978603,0.0022856699996433,1.95475113122172,
test_000_1011,online,250.0,0,1,0.2146756583172768,0.0855812459858702,0.0208734746307,0.1082209377007064,0.5973461824751288,0.1170130869899923,0.1304696908871939,0.0828516377649325,3.0,3.0,0.0,250.0,250.0,250.0,250.0,233.0,0.9019607843137256,60.0,0.0903361344537815,0.063917899999069,0.0531574999913573,0.1401880999910645,0.0023364683331844,1.9742489270386263,
test_000_1012,online,250.0,0,1,0.3233990524224362,0.1242549289316827,0.0221610881858474,0.176983035304906,0.4512655282767642,0.2670832493448901,0.2344265903587937,0.1208925569310713,2.0,3.0,1.0,250.0,250.0,250.0,250.0,235.0,0.7712765957446809,60.0,0.1375173852573018,0.0680373000213876,0.0501940999820362,0.1404953000019304,0.0023415883333655,1.987234042553192,
test_000_1013,online,250.0,0,1,0.1572566678212677,0.0481468652580533,0.0223415310010391,0.0867682715621752,0.4998096407776229,0.12,0.0642301038062283,0.0453758226532732,5.0,4.0,-1.0,250.0,250.0,250.0,250.0,225.0,0.908653846153846,60.0,0.047532656023222,0.0660340999893378,0.0554991000099107,0.1474798000126611,0.0024579966668776,1.96,
test_000_1014,online,250.0,0,1,0.259958736708459,0.0968100301539438,0.0172988414537375,0.1458498651007776,1.093332596280956,0.1517403206883066,0.1044332723948811,0.094588160609427,5.0,5.0,0.0,250.0,250.0,250.0,250.0,232.0,0.8963730569948186,60.0,0.1035933391761612,0.0677906000055372,0.0606992999964859,0.1516731999872718,0.0025278866664545,1.9655172413793105,
test_000_1015,online,250.0,0,1,0.1692986924775004,0.0485651214128035,0.0249617931737137,0.0957717778909831,0.1662125582210973,0.1189722584248743,0.0515420363329108,0.0439803022584479,3.0,7.0,4.0,250.0,250.0,250.0,250.0,230.0,0.9154929577464788,60.0,0.0460035523978685,0.0622638000058941,0.0535226000065449,0.1400120000180322,0.0023335333336338,1.9695652173913043,
test_000_1016,online,250.0,0,1,0.3416557161629435,0.0905059132720105,0.0226675427069645,0.2284822601839684,0.5376455009450638,0.2898664571877455,0.2524076147816349,0.0818002628120893,4.0,6.0,2.0,250.0,250.0,250.0,250.0,227.0,0.7487437185929648,60.0,0.089087656529517,0.0608731999818701,0.0490529999951832,0.1329165999777615,0.002215276666296,1.960352422907489,
test_000_1017,online,250.0,0,1,0.2502467917077986,0.0771635406383678,0.02319842053307,0.1498848305363606,0.2786797491177711,0.1926025297048677,0.1031411157993436,0.0707469562356038,4.0,7.0,3.0,250.0,250.0,250.0,250.0,230.0,0.865,60.0,0.0761331444759206,0.074854000005871,0.050778300006641,0.1489069999952335,0.0024817833332538,1.965217391304348,
test_000_1018,online,250.0,0,1,0.3070689655172414,0.0667241379310344,0.0236206896551724,0.2167241379310344,0.2952824723320947,0.2461719670200235,0.1115826260609086,0.0608620689655172,2.0,4.0,2.0,250.0,250.0,250.0,250.0,222.0,0.795,60.0,0.0648063154029741,0.0649478000123053,0.0484502000035718,0.1363381000119261,0.0022723016668654,1.954954954954955,
test_000_1019,online,250.0,0,1,0.4476255786044917,0.0560603463055031,0.0204011657809017,0.3711640665180867,0.8874216225295898,0.3974919247577427,0.3818984547461369,0.0488599348534201,4.0,3.0,-1.0,250.0,250.0,250.0,250.0,225.0,0.6333333333333333,60.0,0.0513698630136986,0.0574789000093005,0.0500456999870948,0.1305269000004045,0.00217544833334,1.96,
test_000_1020,online,250.0,0,1,0.4346657709103124,0.0935505542492442,0.0298958683238159,0.3112193483372523,0.7045404041018077,0.4008080808080808,0.3307919331037875,0.0843130668458179,4.0,3.0,-1.0,250.0,250.0,250.0,250.0,223.0,0.6492146596858639,60.0,0.0920763022743947,0.0575537999975495,0.0474725000094622,0.1275174000184051,0.0021252900003067,1.9506726457399104,
test_000_1021,online,250.0,0,1,0.1770226537216828,0.1111650485436893,0.0132686084142394,0.052588996763754,0.2267577084205914,0.0916968964127368,0.0702042733035924,0.0985436893203883,5.0,5.0,0.0,250.0,250.0,250.0,250.0,223.0,0.9567567567567568,60.0,0.1093161012385568,0.0602284999913536,0.0509245000139344,0.1363460999855306,0.0022724349997588,1.9641255605381165,
test_000_1022,online,250.0,0,1,0.6197666437886067,0.0427247769389155,0.0250514756348661,0.551990391214825,0.9694009030063268,0.6232774674115457,0.5794168842471714,0.039293067947838,5.0,3.0,-2.0,250.0,250.0,250.0,250.0,229.0,0.4028436018957346,60.0,0.0409001607429898,0.0621100999996997,0.0497353000100702,0.1371575999946799,0.0022859599999113,1.9694323144104804,
test_000_1023,online,250.0,0,1,0.3642687747035573,0.1141501976284585,0.0232411067193675,0.2268774703557312,0.6437446448279601,0.2955333469304507,0.25,0.1124110671936758,5.0,4.0,-1.0,250.0,250.0,250.0,250.0,230.0,0.7405405405405405,60.0,0.1266476665479159,0.0851625999785028,0.0574188000173307,0.1706941000011284,0.0028449016666854,1.9739130434782608,
test_000_1000,online,500.0,0,2,0.1458157939046977,0.0756019531907728,0.0227310995117023,0.0474827412022225,0.1742786344154374,0.0839992204248684,0.0582460732984293,0.0680249200202054,3.0,4.0,1.0,500.0,500.0,500.0,500.0,225.0,0.9547738693467336,60.0,0.0729900632339656,0.0990036000148393,0.0560908999759703,0.1782993999950122,0.0029716566665835,2.9066666666666667,
test_000_1001,online,500.0,0,2,0.1867317425885755,0.064172089660159,0.0448300795372378,0.0777295733911786,0.2198656200792454,0.1335215812827753,0.0249178532311062,0.051879971077368,3.0,5.0,2.0,500.0,500.0,500.0,500.0,217.0,0.9292929292929292,60.0,0.0547187797902764,0.0769528000091668,0.0576524999924004,0.1569851000094786,0.0026164183334913,2.774193548387097,
test_000_1002,online,500.0,0,2,0.5793983910458202,0.0431969220006995,0.0269324938789786,0.509268975166142,1.0745742108840737,0.573037927149831,0.5159694107062528,0.0342777194823364,3.0,2.0,-1.0,500.0,500.0,500.0,500.0,225.0,0.4666666666666667,60.0,0.0354943860919956,0.0692802999983541,0.0737786999961827,0.1676559000043198,0.0027942650000719,2.902222222222222,
test_000_1003,online,500.0,0,2,0.266783523225241,0.0255915863277826,0.024715162138475,0.2164767747589833,0.4758615641189287,0.2515145951900128,0.2095595908996034,0.0226117440841367,5.0,5.0,0.0,500.0,500.0,500.0,500.0,228.0,0.776255707762557,60.0,0.0231348637015781,0.0624083000002428,0.0582853000087197,0.1427066000178456,0.0023784433336307,2.881578947368421,
test_000_1004,online,500.0,0,2,0.315989847715736,0.1153236040609137,0.0115799492385786,0.1890862944162436,0.5657703555894351,0.2293279022403258,0.2269412269412269,0.1105647208121827,4.0,5.0,1.0,500.0,500.0,500.0,500.0,226.0,0.7978723404255319,60.0,0.1243088995897984,0.1100544000219088,0.0649713999882806,0.1923451000184286,0.0032057516669738,2.911504424778761,
test_000_1005,online,500.0,0,2,0.1952008168822328,0.0660313138189244,0.0233151803948264,0.1058543226684819,0.2998248368362197,0.1414662084765177,0.0773044850123957,0.05428863172226,5.0,7.0,2.0,500.0,500.0,500.0,500.0,225.0,0.9108910891089108,60.0,0.057405074680583,0.1377730999956838,0.0587267999944742,0.2195961999823339,0.0036599366663722,2.8844444444444446,
test_000_1006,online,500.0,0,2,0.2094967396756395,0.0822604915565958,0.018558769436549,0.1086774786824945,0.3393174373888676,0.1414002745636399,0.0775780510879848,0.0737334893830463,5.0,7.0,2.0,500.0,500.0,500.0,500.0,224.0,0.9123711340206184,60.0,0.0796028880866425,0.0594535999989602,0.0526519999839365,0.1351214000023901,0.0022520233333731,2.8660714285714284,
test_000_1007,online,500.0,0,2,0.4367816091954023,0.0718819694630296,0.0283067421513124,0.3365928975810602,0.6919761151119892,0.4273318872017353,0.3651750521678646,0.0650197289414994,2.0,3.0,1.0,500.0,500.0,500.0,500.0,223.0,0.605,60.0,0.0695412844036697,0.069570499996189,0.0639185000036377,0.1551852000120561,0.0025864200002009,2.8430493273542603,
test_000_1008,online,500.0,0,2,0.0752464971458225,0.0477426050856253,0.0164331430548348,0.0110707490053623,0.0878218137592083,0.038005644402634,0.0087032201914708,0.0403044455976474,2.0,2.0,0.0,500.0,500.0,500.0,500.0,224.0,0.9952153110047848,60.0,0.0419971160778658,0.0624059000110719,0.056408200005535,0.1420437000342644,0.002367395000571,2.9017857142857144,
test_000_1009,online,500.0,0,2,0.3895058747786898,0.0928697891517785,0.0143248028327699,0.2823112827941413,0.7047826673335313,0.3365702078073412,0.3235743937076688,0.0856269113149847,3.0,3.0,0.0,500.0,500.0,500.0,500.0,229.0,0.689119170984456,60.0,0.0936454849498327,0.0620467999833636,0.0672636000090278,0.1542502999946009,0.0025708383332433,2.938864628820961,
test_000_1010,online,500.0,0,2,0.1740650122334848,0.0527787486892694,0.018350227193289,0.1029360363509262,0.2719651414585246,0.1336633663366336,0.0763903916901103,0.0410695560992659,5.0,6.0,1.0,500.0,500.0,500.0,500.0,221.0,0.9033816425120772,60.0,0.0428285037361035,0.0860643000050913,0.0655189999961294,0.1757628000050317,0.0029293800000838,2.8642533936651584,
test_000_1011,online,500.0,0,2,0.186897880539499,0.0855812459858702,0.0208734746307,0.0804431599229287,0.4998980062641699,0.0814087759815242,0.1118024889602569,0.0828516377649325,3.0,3.0,0.0,500.0,500.0,500.0,500.0,233.0,0.9362745098039216,60.0,0.0903361344537815,0.0649868000182323,0.0650369999930262,0.1536804000206757,0.0025613400003445,2.918454935622317,
test_000_1012,online,500.0,0,2,0.4167812929848693,0.1242549289316827,0.0221610881858474,0.2703652758673391,0.6864952229671331,0.3902439024390244,0.3709002861545234,0.1208925569310713,2.0,2.0,0.0,500.0,500.0,500.0,500.0,235.0,0.6436170212765957,60.0,0.1375173852573018,0.0669979999947827,0.059051799995359,0.1488054000074044,0.0024800900001234,2.970212765957447,
test_000_1013,online,500.0,0,2,0.1503290613093176,0.0481468652580533,0.0223415310010391,0.0798406650502251,0.4894487990146808,0.1127619047619047,0.0588235294117647,0.0453758226532732,5.0,4.0,-1.0,500.0,500.0,500.0,500.0,225.0,0.908653846153846,60.0,0.047532656023222,0.0693456000008154,0.0658991000091191,0.1600902999925892,0.0026681716665431,2.9066666666666667,
test_000_1014,online,500.0,0,2,0.2928106649738137,0.0968100301539438,0.0172988414537375,0.1787017933661323,1.0256792443041758,0.1632772780602268,0.1083180987202925,0.094588160609427,5.0,6.0,1.0,500.0,500.0,500.0,500.0,232.0,0.9015544041450776,60.0,0.1035933391761612,0.0715020000061485,0.0630929000035394,0.1608454000088386,0.0026807566668139,2.8663793103448274,
test_000_1015,online,500.0,0,2,0.1776192902020716,0.0485651214128035,0.0249617931737137,0.1040923756155544,0.1703918624422057,0.1247439955315583,0.061047739754964,0.0439803022584479,3.0,7.0,4.0,500.0,500.0,500.0,500.0,230.0,0.9014084507042254,60.0,0.0460035523978685,0.0640319999947678,0.060896800016053,0.1474645000125747,0.0024577416668762,2.878260869565217,
test_000_1016,online,500.0,0,2,0.336892247043364,0.0905059132720105,0.0226675427069645,0.2237187910643889,0.5164360150251935,0.2743519245875884,0.2535274356103023,0.0818002628120893,4.0,6.0,2.0,500.0,500.0,500.0,500.0,227.0,0.7587939698492462,60.0,0.089087656529517,0.0646678000048268,0.0604916999873239,0.1549367000116035,0.0025822783335267,2.845814977973568,
test_000_1017,online,500.0,0,2,0.3515959197104311,0.0771635406383678,0.02319842053307,0.2512339585389931,0.4098469989238925,0.2891912610195477,0.1879981247069854,0.0707469562356038,4.0,8.0,4.0,500.0,500.0,500.0,500.0,230.0,0.77,60.0,0.0761331444759206,0.2086605000076815,0.0736162000102922,0.308910800027661,0.0051485133337943,2.8217391304347825,
test_000_1018,online,500.0,0,2,0.3229310344827586,0.0667241379310344,0.0236206896551724,0.2325862068965517,0.3098455791282113,0.2424420887318414,0.1080878681977034,0.0608620689655172,2.0,4.0,2.0,500.0,500.0,500.0,500.0,222.0,0.8,60.0,0.0648063154029741,0.5199648999841884,0.0716025000147055,0.6106801999849267,0.0101780033330821,2.779279279279279,
test_000_1019,online,500.0,0,2,0.4573975655751757,0.0560603463055031,0.0204011657809017,0.3809360534887708,0.9124850593926358,0.4035721071632149,0.3937387116195063,0.0488599348534201,4.0,3.0,-1.0,500.0,500.0,500.0,500.0,225.0,0.6238095238095238,60.0,0.0513698630136986,0.2260769999993499,0.0676548000192269,0.3163881000073161,0.0052731350001219,2.893333333333333,
test_000_1020,online,500.0,0,2,0.4413839435673496,0.0935505542492442,0.0298958683238159,0.3179375209942895,0.7152391377286371,0.4080808080808081,0.3556320708312838,0.0843130668458179,4.0,4.0,0.0,500.0,500.0,500.0,500.0,223.0,0.643979057591623,60.0,0.0920763022743947,0.2514486000000033,0.080554000014672,0.3542379999998957,0.0059039666666649,2.8520179372197307,
test_000_1021,online,500.0,0,2,0.2022653721682848,0.1111650485436893,0.0132686084142394,0.0778317152103559,0.2937329713931778,0.1110439338976219,0.0887532284573843,0.0985436893203883,5.0,5.0,0.0,500.0,500.0,500.0,500.0,223.0,0.9297297297297298,60.0,0.1093161012385568,0.2058519000129308,0.066695499990601,0.2962699000199791,0.0049378316669996,2.896860986547085,
test_000_1022,online,500.0,0,2,0.6154770075497598,0.0427247769389155,0.0250514756348661,0.547700754975978,0.9510291734327894,0.6186219739292365,0.5739773716275022,0.039293067947838,5.0,3.0,-2.0,500.0,500.0,500.0,500.0,229.0,0.4075829383886256,60.0,0.0409001607429898,0.1239780999894719,0.075120199995581,0.2239166999934241,0.0037319449998904,2.921397379912664,
test_000_1023,online,500.0,0,2,0.4885375494071146,0.1141501976284585,0.0232411067193675,0.3511462450592885,0.8315981964318192,0.451968182745258,0.420217803030303,0.1124110671936758,5.0,3.0,-2.0,500.0,500.0,500.0,500.0,230.0,0.5783783783783784,60.0,0.1266476665479159,0.1049216999963391,0.0778542000043671,0.2088399000058416,0.0034806650000973,2.9217391304347826,
test_000_1000,online,1000.0,0,4,0.1252736150867149,0.0756019531907728,0.0227310995117023,0.0269405623842397,0.1523462185864943,0.0662638861820307,0.0455933682373473,0.0680249200202054,3.0,4.0,1.0,1000.0,1000.0,1000.0,1000.0,225.0,0.9597989949748744,60.0,0.0729900632339656,0.0895677999942563,0.0790053000091575,0.1918910999957006,0.0031981849999283,4.662222222222222,
test_000_1001,online,1000.0,0,4,0.1936008676789588,0.064172089660159,0.0448300795372378,0.0845986984815618,0.2279306346225371,0.1411859620814844,0.0298466593647316,0.051879971077368,3.0,5.0,2.0,1000.0,1000.0,1000.0,1000.0,217.0,0.914141414141414,60.0,0.0547187797902764,0.0709791999834124,0.0722260999900754,0.1653450999874621,0.0027557516664577,4.059907834101383,
test_000_1002,online,1000.0,0,4,0.5753760055963624,0.0431969220006995,0.0269324938789786,0.5052465897166841,1.0677398859495868,0.5687194892977845,0.5200179937022043,0.0342777194823364,3.0,2.0,-1.0,1000.0,1000.0,1000.0,1000.0,225.0,0.4714285714285714,60.0,0.0354943860919956,0.061411600006977,0.0815159000048879,0.1649327999912202,0.0027488799998536,4.711111111111111,
test_000_1003,online,1000.0,0,4,0.2815074496056091,0.0255915863277826,0.024715162138475,0.2312007011393514,0.51581367092426,0.2577565632458234,0.2204132748904195,0.0226117440841367,5.0,5.0,0.0,1000.0,1000.0,1000.0,1000.0,228.0,0.771689497716895,60.0,0.0231348637015781,0.0580574999912641,0.0720969999965746,0.1535588999686297,0.0025593149994771,4.495614035087719,
test_000_1004,online,1000.0,0,4,0.2810913705583756,0.1153236040609137,0.0115799492385786,0.1541878172588832,0.4906494428452662,0.2085539714867617,0.2042042042042042,0.1105647208121827,4.0,4.0,0.0,1000.0,1000.0,1000.0,1000.0,226.0,0.8138297872340425,60.0,0.1243088995897984,0.0530349999899044,0.0850248000060673,0.1594062999938614,0.0026567716665643,4.668141592920354,
test_000_1005,online,1000.0,0,4,0.1688223281143635,0.0660313138189244,0.0233151803948264,0.0794758339006126,0.2448989310743953,0.1116838487972508,0.0689655172413793,0.05428863172226,5.0,6.0,1.0,1000.0,1000.0,1000.0,1000.0,225.0,0.9257425742574258,60.0,0.057405074680583,0.0595912999997381,0.0780408999999053,0.1600150000012945,0.0026669166666882,4.546666666666667,
test_000_1006,online,1000.0,0,4,0.2616619294432369,0.0822604915565958,0.018558769436549,0.1608426684500919,0.4478444473727044,0.1923906648362424,0.1215704824976348,0.0737334893830463,5.0,7.0,2.0,1000.0,1000.0,1000.0,1000.0,224.0,0.8556701030927835,60.0,0.0796028880866425,0.0619407000194769,0.0787657999899238,0.1664188000140711,0.0027736466669011,4.46875,
test_000_1007,online,1000.0,0,4,0.4384971693257848,0.0718819694630296,0.0283067421513124,0.3383084577114428,0.703310992146949,0.4293038848353382,0.3593786227683747,0.0650197289414994,2.0,3.0,1.0,1000.0,1000.0,1000.0,1000.0,223.0,0.6,60.0,0.0695412844036697,0.0625276000064332,0.0746419999923091,0.1610307000228203,0.0026838450003803,4.511210762331839,
test_000_1008,online,1000.0,0,4,0.0714409271752292,0.0477426050856253,0.0164331430548348,0.007265179034769,0.0803543101464696,0.0338664158043273,0.0087032201914708,0.0403044455976474,2.0,2.0,0.0,1000.0,1000.0,1000.0,1000.0,224.0,0.9904306220095692,60.0,0.0419971160778658,0.0728821000084281,0.0868189000175334,0.1860724000143818,0.0031012066669063,4.651785714285714,
test_000_1009,online,1000.0,0,4,0.3708353452438435,0.0928697891517785,0.0143248028327699,0.263640753259295,0.6628660226920281,0.3350165080598174,0.3122132401136115,0.0856269113149847,3.0,4.0,1.0,1000.0,1000.0,1000.0,1000.0,229.0,0.694300518134715,60.0,0.0936454849498327,0.0609186000074259,0.0876197999750729,0.171238099981565,0.002853968333026,4.790393013100437,
test_000_1010,online,1000.0,0,4,0.1408598392170569,0.0527787486892694,0.018350227193289,0.0697308633344984,0.2118730974020851,0.0955826351865955,0.047608742696386,0.0410695560992659,5.0,6.0,1.0,1000.0,1000.0,1000.0,1000.0,221.0,0.9420289855072465,60.0,0.0428285037361035,0.0592912999854888,0.0863105000171344,0.1745958999963477,0.0029099316666057,4.529411764705882,
test_000_1011,online,1000.0,0,4,0.1766217084136159,0.0855812459858702,0.0208734746307,0.0701669877970456,0.4500155596646147,0.0739030023094688,0.1114010437575271,0.0828516377649325,3.0,3.0,0.0,1000.0,1000.0,1000.0,1000.0,233.0,0.9411764705882352,60.0,0.0903361344537815,0.0670347999839577,0.0933838000055402,0.184043199988082,0.003067386666468,4.660944206008583,
test_000_1012,online,1000.0,0,4,0.4065413418920984,0.1242549289316827,0.0221610881858474,0.2601253247745682,0.6659300614356795,0.3767385607740375,0.3704600484261501,0.1208925569310713,2.0,2.0,0.0,1000.0,1000.0,1000.0,1000.0,235.0,0.6542553191489362,60.0,0.1375173852573018,0.0652729000139515,0.0875279000028967,0.1775745000340975,0.0029595750005682,4.910638297872341,
test_000_1013,online,1000.0,0,4,0.1558711465188777,0.0481468652580533,0.0223415310010391,0.0853827502597852,0.5337686560848325,0.1184761904761904,0.0620674740484429,0.0453758226532732,5.0,3.0,-2.0,1000.0,1000.0,1000.0,1000.0,225.0,0.908653846153846,60.0,0.047532656023222,0.1565235000161919,0.081326599989552,0.2628262000216637,0.0043804366670277,4.715555555555556,
test_000_1014,online,1000.0,0,4,0.2758292334550071,0.0968100301539438,0.0172988414537375,0.1617203618473258,1.106656036858011,0.1437231130230739,0.0962065813528336,0.094588160609427,5.0,6.0,1.0,1000.0,1000.0,1000.0,1000.0,232.0,0.9067357512953368,60.0,0.1035933391761612,0.0718282000161707,0.0780500999826472,0.1731060999736655,0.0028851016662277,4.413793103448276,
test_000_1015,online,1000.0,0,4,0.1750721684496519,0.0485651214128035,0.0249617931737137,0.1015452538631346,0.1703610951605978,0.1126419661143176,0.0602027883396704,0.0439803022584479,3.0,8.0,5.0,1000.0,1000.0,1000.0,1000.0,230.0,0.9154929577464788,60.0,0.0460035523978685,0.0562680000148247,0.0789522000122815,0.1579654000233858,0.0026327566670564,4.421739130434783,
test_000_1016,online,1000.0,0,4,0.3718791064388962,0.0905059132720105,0.0226675427069645,0.2587056504599211,0.5458280796058763,0.3130400628436763,0.2812989921612542,0.0818002628120893,4.0,6.0,2.0,1000.0,1000.0,1000.0,1000.0,227.0,0.7085427135678392,60.0,0.089087656529517,0.0634012999944388,0.0739558999775908,0.1612194999761413,0.002686991666269,4.370044052863436,
test_000_1017,online,1000.0,0,4,0.2454754853570253,0.0771635406383678,0.02319842053307,0.1451135241855873,0.2550835819985619,0.1751628976619394,0.0658696671354899,0.0707469562356038,4.0,8.0,4.0,1000.0,1000.0,1000.0,1000.0,230.0,0.89,60.0,0.0761331444759206,0.0603368000010959,0.0806690999888815,0.1636499999731313,0.0027274999995521,4.234782608695652,
test_000_1018,online,1000.0,0,4,0.3146551724137931,0.0667241379310344,0.0236206896551724,0.2243103448275862,0.3019181083276732,0.2330192383195916,0.1073389915127309,0.0608620689655172,2.0,4.0,2.0,1000.0,1000.0,1000.0,1000.0,222.0,0.81,60.0,0.0648063154029741,0.0725349999847821,0.0813598000095225,0.1778799000021536,0.0029646650000358,4.0,
test_000_1019,online,1000.0,0,4,0.4608263329333105,0.0560603463055031,0.0204011657809017,0.3843648208469055,0.9256248809138794,0.4026220786623599,0.3893237005819787,0.0488599348534201,4.0,3.0,-1.0,1000.0,1000.0,1000.0,1000.0,225.0,0.6285714285714286,60.0,0.0513698630136986,0.0634562000050209,0.0826470000029075,0.1698000000033062,0.0028300000000551,4.671111111111111,
test_000_1020,online,1000.0,0,4,0.4046019482700705,0.0935505542492442,0.0298958683238159,0.2811555256970104,0.6547073167515765,0.3731313131313131,0.3047220855878013,0.0843130668458179,4.0,4.0,0.0,1000.0,1000.0,1000.0,1000.0,223.0,0.680628272251309,60.0,0.0920763022743947,0.0573262000107206,0.090188499976648,0.1709899000125005,0.002849831666875,4.520179372197309,
test_000_1021,online,1000.0,0,4,0.2063106796116504,0.1111650485436893,0.0132686084142394,0.0818770226537216,0.2893919813230942,0.1160822249093107,0.086874853251937,0.0985436893203883,5.0,5.0,0.0,1000.0,1000.0,1000.0,1000.0,223.0,0.918918918918919,60.0,0.1093161012385568,0.0720932999975048,0.0769744999997783,0.1707496999879367,0.0028458283331322,4.62780269058296,
test_000_1022,online,1000.0,0,4,0.6127316403568978,0.0427247769389155,0.0250514756348661,0.544955387783116,0.94648130116137,0.6156424581005586,0.5739773716275022,0.039293067947838,5.0,3.0,-2.0,1000.0,1000.0,1000.0,1000.0,229.0,0.4123222748815165,60.0,0.0409001607429898,0.1332480999990366,0.0893160999985411,0.2505184999899938,0.0041753083331665,4.764192139737991,
test_000_1023,online,1000.0,0,4,0.3256916996047431,0.1141501976284585,0.0232411067193675,0.188300395256917,0.5832098483728816,0.2545380379359576,0.2147253787878787,0.1124110671936758,5.0,4.0,-1.0,1000.0,1000.0,1000.0,1000.0,230.0,0.7837837837837838,60.0,0.1266476665479159,0.1369418000103905,0.0823569000058341,0.2412788000074215,0.004021313333457,4.717391304347826,
test_000_1000,online,2000.0,0,8,0.1456474153897962,0.0756019531907728,0.0227310995117023,0.047314362687321,0.1666283176995191,0.0793217696355486,0.0471204188481675,0.0680249200202054,3.0,4.0,1.0,2000.0,2000.0,2000.0,2000.0,225.0,0.9597989949748744,60.0,0.0729900632339656,0.0973020000092219,0.1065102999855298,0.2255768000031821,0.0037596133333863,7.293333333333333,
test_000_1001,online,2000.0,0,8,0.2572306579898771,0.064172089660159,0.0448300795372378,0.1482284887924801,0.2783922736438035,0.1865671641791045,0.0640744797371303,0.051879971077368,3.0,6.0,3.0,2000.0,2000.0,2000.0,2000.0,217.0,0.8737373737373737,60.0,0.0547187797902764,0.0659152000152971,0.0845290999859571,0.1744633999769576,0.0029077233329492,5.414746543778802,
test_000_1002,online,2000.0,0,8,0.6218957677509619,0.0431969220006995,0.0269324938789786,0.5517663518712836,1.1407694283740375,0.6107773188133684,0.5629779577147999,0.0342777194823364,3.0,2.0,-1.0,2000.0,2000.0,2000.0,2000.0,225.0,0.4285714285714285,60.0,0.0354943860919956,0.0569691999990027,0.1235774999950081,0.2026417999877594,0.0033773633331293,8.013333333333334,
test_000_1003,online,2000.0,0,8,0.2690622261174408,0.0255915863277826,0.024715162138475,0.2187554776511831,0.4724825396910931,0.248944373049385,0.2095595908996034,0.0226117440841367,5.0,5.0,0.0,2000.0,2000.0,2000.0,2000.0,228.0,0.776255707762557,60.0,0.0231348637015781,0.0665843999886419,0.1278416000131983,0.2215092999977059,0.0036918216666284,7.131578947368421,
test_000_1004,online,2000.0,0,8,0.2907677664974619,0.1153236040609137,0.0115799492385786,0.1638642131979695,0.5140825099616418,0.2079429735234216,0.2177177177177177,0.1105647208121827,4.0,4.0,0.0,2000.0,2000.0,2000.0,2000.0,226.0,0.8138297872340425,60.0,0.1243088995897984,0.0652888999902643,0.1102673000132199,0.1978019999805838,0.0032966999996763,7.54424778761062,
test_000_1005,online,2000.0,0,8,0.2084751531654186,0.0660313138189244,0.0233151803948264,0.1191286589516678,0.3204210521490142,0.146811760213822,0.0813612801442416,0.05428863172226,5.0,8.0,3.0,2000.0,2000.0,2000.0,2000.0,225.0,0.905940594059406,60.0,0.057405074680583,0.0618976000114344,0.1049036000040359,0.1913920000079088,0.0031898666667984,7.12,
test_000_1006,online,2000.0,0,8,0.3323858886473834,0.0822604915565958,0.018558769436549,0.2315666276542384,0.6343107184194008,0.2829966660129437,0.194891201513718,0.0737334893830463,5.0,6.0,1.0,2000.0,2000.0,2000.0,2000.0,224.0,0.7628865979381443,60.0,0.0796028880866425,0.1091281000117305,0.1074081000115256,0.244379400042817,0.0040729900007136,7.151785714285714,
test_000_1007,online,2000.0,0,8,0.4333504889346372,0.0718819694630296,0.0283067421513124,0.333161777320295,0.7047316579213845,0.4233878919345297,0.3538140505448643,0.0650197289414994,2.0,3.0,1.0,2000.0,2000.0,2000.0,2000.0,223.0,0.61,60.0,0.0695412844036697,0.0568383999925572,0.1072848000039812,0.1874387999705504,0.0031239799995091,7.331838565022421,
test_000_1008,online,2000.0,0,8,0.1795537104307213,0.0477426050856253,0.0164331430548348,0.1153779622902612,0.1840371731643209,0.1211665098777046,0.0546127067014795,0.0403044455976474,2.0,3.0,1.0,2000.0,2000.0,2000.0,2000.0,224.0,0.9186602870813396,60.0,0.0419971160778658,0.0559387000103015,0.1097893000114709,0.1911902000429108,0.0031865033340485,7.415178571428571,
test_000_1009,online,2000.0,0,8,0.3941735071624014,0.0928697891517785,0.0143248028327699,0.2869789151778529,0.7200181462382224,0.3408428821130316,0.3202971378632291,0.0856269113149847,3.0,3.0,0.0,2000.0,2000.0,2000.0,2000.0,229.0,0.6839378238341969,60.0,0.0936454849498327,0.0703321999753825,0.1118890999932773,0.2063974999764468,0.0034399583329407,7.93886462882096,
test_000_1010,online,2000.0,0,8,0.2670394966794827,0.0527787486892694,0.018350227193289,0.1959105207969241,0.4599774180427454,0.2397182025894897,0.1902185674096516,0.0410695560992659,5.0,5.0,0.0,2000.0,2000.0,2000.0,2000.0,221.0,0.7922705314009661,60.0,0.0428285037361035,0.0720900000014808,0.2193257999897468,0.3136441999813542,0.0052274033330225,7.303167420814479,
test_000_1011,online,2000.0,0,8,0.201669877970456,0.0855812459858702,0.0208734746307,0.0952151573538856,0.5707346650369154,0.1118167821401077,0.1364913689281413,0.0828516377649325,3.0,3.0,0.0,2000.0,2000.0,2000.0,2000.0,233.0,0.9019607843137256,60.0,0.0903361344537815,0.1150111999886576,0.10652050000499,0.2477047999855131,0.0041284133330918,7.467811158798283,
test_000_1012,online,2000.0,0,8,0.3904936573437261,0.1242549289316827,0.0221610881858474,0.2440776402261959,0.6227890396879161,0.3555734730901028,0.3466872110939907,0.1208925569310713,2.0,4.0,2.0,2000.0,2000.0,2000.0,2000.0,235.0,0.675531914893617,60.0,0.1375173852573018,0.0601408000220544,0.1233201000140979,0.2076607000490185,0.0034610116674836,8.582978723404254,
test_000_1013,online,2000.0,0,8,0.1586421891236577,0.0481468652580533,0.0223415310010391,0.0881537928645652,0.5310147666335431,0.1245714285714285,0.0659602076124567,0.0453758226532732,5.0,3.0,-2.0,2000.0,2000.0,2000.0,2000.0,225.0,0.8990384615384616,60.0,0.047532656023222,0.097020799992606,0.1349571000027936,0.2554543999722227,0.0042575733328703,7.711111111111111,
test_000_1014,online,2000.0,0,8,0.2847167116330741,0.0968100301539438,0.0172988414537375,0.1706078400253927,1.0121857094160795,0.1527180289401642,0.1062614259597806,0.094588160609427,5.0,7.0,2.0,2000.0,2000.0,2000.0,2000.0,232.0,0.9015544041450776,60.0,0.1035933391761612,0.091132599976845,0.1048554999870248,0.2177992999786511,0.0036299883329775,6.504310344827586,
test_000_1015,online,2000.0,0,8,0.163185600271693,0.0485651214128035,0.0249617931737137,0.0896586856851757,0.1666024163888778,0.1042636380562278,0.0534431770173215,0.0439803022584479,3.0,8.0,5.0,2000.0,2000.0,2000.0,2000.0,230.0,0.9248826291079812,60.0,0.0460035523978685,0.0891949000069871,0.1040420999925118,0.2169007999764289,0.0036150133329404,6.721739130434782,
test_000_1016,online,2000.0,0,8,0.2568988173455979,0.0905059132720105,0.0226675427069645,0.1437253613666228,0.2641809231887695,0.1690887666928515,0.1229563269876819,0.0818002628120893,4.0,6.0,2.0,2000.0,2000.0,2000.0,2000.0,227.0,0.8592964824120602,60.0,0.089087656529517,0.0626196000084746,0.1038128999934997,0.1901656000118237,0.0031694266668637,6.519823788546256,
test_000_1017,online,2000.0,0,8,0.2555116814741691,0.0771635406383678,0.02319842053307,0.1551497203027311,0.2730190759108795,0.1868532004599463,0.0710267229254571,0.0707469562356038,4.0,8.0,4.0,2000.0,2000.0,2000.0,2000.0,230.0,0.88,60.0,0.0761331444759206,0.0599814000015612,0.0986256999894976,0.184321299981093,0.0030720216663515,6.282608695652174,
test_000_1018,online,2000.0,0,8,0.3103448275862069,0.0667241379310344,0.0236206896551724,0.22,0.2975838503526385,0.2281115037298783,0.1055916125811283,0.0608620689655172,2.0,4.0,2.0,2000.0,2000.0,2000.0,2000.0,222.0,0.815,60.0,0.0648063154029741,0.0680361000122502,0.1189560000202618,0.209393600031035,0.0034898933338505,5.445945945945946,
test_000_1019,online,2000.0,0,8,0.2746442653865935,0.0560603463055031,0.0204011657809017,0.1981827533001885,0.5345221553859174,0.2162264867946038,0.2073048364439093,0.0488599348534201,4.0,4.0,0.0,2000.0,2000.0,2000.0,2000.0,225.0,0.8095238095238095,60.0,0.0513698630136986,0.1068849999865051,0.1511117000191006,0.28425789999892,0.0047376316666486,7.8,
test_000_1020,online,2000.0,0,8,0.2344642257306012,0.0935505542492442,0.0298958683238159,0.1110178031575411,0.3735481893501637,0.1654545454545454,0.0816527299557304,0.0843130668458179,4.0,4.0,0.0,2000.0,2000.0,2000.0,2000.0,223.0,0.8848167539267016,60.0,0.0920763022743947,0.1236064000113401,0.1076270999910775,0.2549104999925475,0.0042485083332091,7.174887892376682,
test_000_1021,online,2000.0,0,8,0.3223300970873786,0.1111650485436893,0.0132686084142394,0.1978964401294498,0.5407883778659784,0.2355904877065699,0.197698990373327,0.0985436893203883,5.0,4.0,-1.0,2000.0,2000.0,2000.0,2000.0,223.0,0.8,60.0,0.1093161012385568,0.0984792000090237,0.1262544000055641,0.2477565000299364,0.0041292750004989,7.457399103139013,
test_000_1022,online,2000.0,0,8,0.6127316403568978,0.0427247769389155,0.0250514756348661,0.544955387783116,0.94648130116137,0.6156424581005586,0.5739773716275022,0.039293067947838,5.0,3.0,-2.0,2000.0,2000.0,2000.0,2000.0,229.0,0.4123222748815165,60.0,0.0409001607429898,0.0870209000131581,0.1349725000036414,0.2481256000173743,0.0041354266669562,8.22707423580786,
test_000_1023,online,2000.0,0,8,0.4107509881422925,0.1141501976284585,0.0232411067193675,0.2733596837944664,0.7386038887358369,0.3622272078319396,0.2945075757575757,0.1124110671936758,5.0,4.0,-1.0,2000.0,2000.0,2000.0,2000.0,230.0,0.6756756756756757,60.0,0.1266476665479159,0.0999026999925263,0.1452360000112094,0.2770294999936595,0.0046171583332276,7.695652173913044,
test_000_1000,online,4000.0,0,16,0.1224111803333894,0.0756019531907728,0.0227310995117023,0.0240781276309142,0.1521439668334282,0.0629506918729292,0.037521815008726,0.0680249200202054,3.0,3.0,0.0,4000.0,4000.0,4000.0,4000.0,225.0,0.9748743718592964,60.0,0.0729900632339656,0.1229652000183705,0.1461189000110607,0.2918968000158202,0.0048649466669303,9.991111111111111,
test_000_1001,online,4000.0,0,16,0.2572306579898771,0.064172089660159,0.0448300795372378,0.1482284887924801,0.2783922736438035,0.1865671641791045,0.0640744797371303,0.051879971077368,3.0,6.0,3.0,4000.0,4000.0,4000.0,4000.0,217.0,0.8737373737373737,60.0,0.0547187797902764,0.1023996000003535,0.1054634000174701,0.2290527000150177,0.0038175450002502,5.981566820276497,
test_000_1002,online,4000.0,0,16,0.4386149003147954,0.0431969220006995,0.0269324938789786,0.3684854844351172,0.8556123195835851,0.4185129553135561,0.3367071524966262,0.0342777194823364,3.0,3.0,0.0,4000.0,4000.0,4000.0,4000.0,225.0,0.6142857142857143,60.0,0.0354943860919956,0.092663999996148,0.1755440999986603,0.2911306000023614,0.004852176666706,12.986666666666666,
test_000_1003,online,4000.0,0,16,0.2778264680105171,0.0255915863277826,0.024715162138475,0.2275197195442594,0.4902296411539412,0.2581237378373416,0.2162387810477979,0.0226117440841367,5.0,5.0,0.0,4000.0,4000.0,4000.0,4000.0,228.0,0.7671232876712328,60.0,0.0231348637015781,0.1663105000043288,0.1359070999897085,0.3216955999960191,0.0053615933332669,10.767543859649123,
test_000_1004,online,4000.0,0,16,0.3145621827411167,0.1153236040609137,0.0115799492385786,0.1876586294416243,0.5606062876274385,0.215274949083503,0.2391677391677391,0.1105647208121827,4.0,4.0,0.0,4000.0,4000.0,4000.0,4000.0,226.0,0.8085106382978723,60.0,0.1243088995897984,0.1138051000016275,0.1785912999766878,0.3207725999818649,0.0053462099996977,11.632743362831858,
test_000_1005,online,4000.0,0,16,0.2357045609257998,0.0660313138189244,0.0233151803948264,0.146358066712049,0.5178786333624659,0.1775486827033219,0.1090827135451881,0.05428863172226,5.0,7.0,2.0,4000.0,4000.0,4000.0,4000.0,225.0,0.8762376237623762,60.0,0.057405074680583,0.1177590000152122,0.1611597999872174,0.3010982999985572,0.0050183049999759,9.88,
test_000_1006,online,4000.0,0,16,0.2780471493061361,0.0822604915565958,0.018558769436549,0.1772278883129911,0.5318610408720446,0.2192586781721906,0.1336329233680227,0.0737334893830463,5.0,6.0,1.0,4000.0,4000.0,4000.0,4000.0,224.0,0.8298969072164949,60.0,0.0796028880866425,0.0924997000256553,0.1645443000015802,0.2823425000242423,0.0047057083337373,10.964285714285714,
test_000_1007,online,4000.0,0,16,0.4457025218733916,0.0718819694630296,0.0283067421513124,0.3455138102590496,0.7212759968559471,0.4375862748964701,0.3633201947600278,0.0650197289414994,2.0,4.0,2.0,4000.0,4000.0,4000.0,4000.0,223.0,0.595,60.0,0.0695412844036697,0.1859408000018447,0.1595331999997142,0.370617399981711,0.0061769566663618,11.161434977578477,
test_000_1008,online,4000.0,0,16,0.1795537104307213,0.0477426050856253,0.0164331430548348,0.1153779622902612,0.1840371731643209,0.1211665098777046,0.0546127067014795,0.0403044455976474,2.0,3.0,1.0,4000.0,4000.0,4000.0,4000.0,224.0,0.9186602870813396,60.0,0.0419971160778658,0.0665337000100407,0.1443600000056903,0.2345082999963779,0.0039084716666062,10.616071428571429,
test_000_1009,online,4000.0,0,16,0.4308707548688234,0.0928697891517785,0.0143248028327699,0.3236761628842749,0.7856345924133801,0.3734705768110312,0.3438933799431942,0.0856269113149847,3.0,4.0,1.0,4000.0,4000.0,4000.0,4000.0,229.0,0.6632124352331606,60.0,0.0936454849498327,0.0557933999807573,0.1582523999968543,0.2392115999828092,0.0039868599997134,12.069868995633188,
test_000_1010,online,4000.0,0,16,0.1918909472212513,0.0527787486892694,0.018350227193289,0.1207619713386927,0.3118867846096188,0.1578446306169078,0.0928370482579528,0.0410695560992659,5.0,6.0,1.0,4000.0,4000.0,4000.0,4000.0,221.0,0.8743961352657005,60.0,0.0428285037361035,0.0638327999913599,0.1446124999783933,0.2341427999490406,0.0039023799991506,10.84162895927602,
test_000_1011,online,4000.0,0,16,0.2628452151573539,0.0855812459858702,0.0208734746307,0.1563904945407835,0.5902011900542362,0.1851424172440338,0.2061421116017663,0.0828516377649325,3.0,5.0,2.0,4000.0,4000.0,4000.0,4000.0,233.0,0.8382352941176471,60.0,0.0903361344537815,0.075372299994342,0.1764255999878514,0.2760971999668982,0.0046016199994483,10.832618025751072,
test_000_1012,online,4000.0,0,16,0.5211676600947578,0.1242549289316827,0.0221610881858474,0.3747516429772276,0.8928872900558293,0.5279177585164282,0.4893242350869469,0.1208925569310713,2.0,3.0,1.0,4000.0,4000.0,4000.0,4000.0,235.0,0.5053191489361702,60.0,0.1375173852573018,0.0642025000124704,0.2135902000009082,0.303002300002845,0.0050500383333807,14.76595744680851,
test_000_1013,online,4000.0,0,16,0.1586421891236577,0.0481468652580533,0.0223415310010391,0.0881537928645652,0.5310147666335431,0.1245714285714285,0.0659602076124567,0.0453758226532732,5.0,3.0,-2.0,4000.0,4000.0,4000.0,4000.0,225.0,0.8990384615384616,60.0,0.047532656023222,0.0624153999960981,0.1525455999944824,0.2397888999839779,0.0039964816663996,11.622222222222222,
test_000_1014,online,4000.0,0,16,0.2539279479447707,0.0968100301539438,0.0172988414537375,0.1398190763370893,0.9066623376773058,0.1351192804067266,0.0907221206581352,0.094588160609427,5.0,5.0,0.0,4000.0,4000.0,4000.0,4000.0,232.0,0.911917098445596,60.0,0.1035933391761612,0.058787799993297,0.1249026000150479,0.209594800020568,0.0034932466670094,8.357758620689655,
test_000_1015,online,4000.0,0,16,0.163185600271693,0.0485651214128035,0.0249617931737137,0.0896586856851757,0.1666024163888778,0.1042636380562278,0.0534431770173215,0.0439803022584479,3.0,8.0,5.0,4000.0,4000.0,4000.0,4000.0,230.0,0.9248826291079812,60.0,0.0460035523978685,0.0640316999924834,0.1344125000177882,0.2231667999876663,0.0037194466664611,9.278260869565218,
test_000_1016,online,4000.0,0,16,0.3718791064388962,0.0905059132720105,0.0226675427069645,0.2587056504599211,0.5452624352996023,0.3065593087195601,0.2716685330347144,0.0818002628120893,4.0,6.0,2.0,4000.0,4000.0,4000.0,4000.0,227.0,0.7185929648241206,60.0,0.089087656529517,0.0612651999981608,0.1338949000055436,0.2189114000066183,0.0036485233334436,8.656387665198238,
test_000_1017,online,4000.0,0,16,0.2861138532411977,0.0771635406383678,0.02319842053307,0.1857518920697597,0.2974500347119903,0.2224990417784591,0.1106422878574777,0.0707469562356038,4.0,9.0,5.0,4000.0,4000.0,4000.0,4000.0,230.0,0.845,60.0,0.0761331444759206,0.0666563999839127,0.1213343999988865,0.2115495999751147,0.0035258266662519,8.226086956521739,
test_000_1018,online,4000.0,0,16,0.2446551724137931,0.0667241379310344,0.0236206896551724,0.1543103448275862,0.2435874385712573,0.1778563015312131,0.0668996505242136,0.0608620689655172,2.0,3.0,1.0,4000.0,4000.0,4000.0,4000.0,222.0,0.865,60.0,0.0648063154029741,0.0537818000011611,0.1136320000223349,0.1901633000234142,0.0031693883337235,6.585585585585585,
test_000_1019,online,4000.0,0,16,0.2708726212926453,0.0560603463055031,0.0204011657809017,0.1944111092062403,0.5277182084980674,0.2120463613908417,0.204294601645595,0.0488599348534201,4.0,5.0,1.0,4000.0,4000.0,4000.0,4000.0,225.0,0.8095238095238095,60.0,0.0513698630136986,0.0603969999938271,0.1593877999985125,0.2469011999783106,0.0041150199996385,12.377777777777778,
test_000_1020,online,4000.0,0,16,0.4916022841787034,0.0935505542492442,0.0298958683238159,0.3681558616056433,0.8399211692185576,0.4680808080808081,0.4028529267092966,0.0843130668458179,4.0,4.0,0.0,4000.0,4000.0,4000.0,4000.0,223.0,0.5706806282722513,60.0,0.0920763022743947,0.0595715999952517,0.1427576999994926,0.2293733000115025,0.003822888333525,10.15695067264574,
test_000_1021,online,4000.0,0,16,0.3441747572815534,0.1111650485436893,0.0132686084142394,0.2197411003236246,0.5595245494093395,0.2970576380491737,0.2676684667762385,0.0985436893203883,5.0,4.0,-1.0,4000.0,4000.0,4000.0,4000.0,223.0,0.7405405405405405,60.0,0.1093161012385568,0.0623579999955836,0.1416296000243164,0.2280426000070292,0.0038007100001171,10.573991031390134,
test_000_1022,online,4000.0,0,16,0.6127316403568978,0.0427247769389155,0.0250514756348661,0.544955387783116,0.94648130116137,0.6156424581005586,0.5739773716275022,0.039293067947838,5.0,3.0,-2.0,4000.0,4000.0,4000.0,4000.0,229.0,0.4123222748815165,60.0,0.0409001607429898,0.0654213999805506,0.1920089999912306,0.2825603999663144,0.0047093399994385,14.292576419213974,
test_000_1023,online,4000.0,0,16,0.3683794466403162,0.1141501976284585,0.0232411067193675,0.2309881422924901,0.6620168198610576,0.3075667958392821,0.2464488636363636,0.1124110671936758,5.0,5.0,0.0,4000.0,4000.0,4000.0,4000.0,230.0,0.7351351351351352,60.0,0.1266476665479159,0.1657642999780364,0.1650608000054489,0.3554540000041015,0.0059242333334016,11.217391304347826,
test_000_1000,online,8000.0,0,32,0.1224111803333894,0.0756019531907728,0.0227310995117023,0.0240781276309142,0.1521439668334282,0.0629506918729292,0.037521815008726,0.0680249200202054,3.0,3.0,0.0,8000.0,8000.0,8000.0,8000.0,225.0,0.9748743718592964,60.0,0.0729900632339656,0.0831988000136334,0.1556511999806389,0.2606771999853663,0.0043446199997561,11.991111111111111,
test_000_1001,online,8000.0,0,32,0.2572306579898771,0.064172089660159,0.0448300795372378,0.1482284887924801,0.2783922736438035,0.1865671641791045,0.0640744797371303,0.051879971077368,3.0,6.0,3.0,8000.0,8000.0,8000.0,8000.0,217.0,0.8737373737373737,60.0,0.0547187797902764,0.0811921999847982,0.082158100005472,0.1828296999738086,0.0030471616662301,5.9953917050691246,
test_000_1002,online,8000.0,0,32,0.6222455403987408,0.0431969220006995,0.0269324938789786,0.5521161245190626,1.140961887577144,0.611152835148329,0.5629779577147999,0.0342777194823364,3.0,2.0,-1.0,8000.0,8000.0,8000.0,8000.0,225.0,0.4238095238095238,60.0,0.0354943860919956,0.0625132999848574,0.1871951000066474,0.2701772000000346,0.0045029533333339,17.822222222222223,
test_000_1003,online,8000.0,0,32,0.2822085889570552,0.0255915863277826,0.024715162138475,0.2319018404907975,0.4991031918853654,0.26271342023132,0.2214568983510749,0.0226117440841367,5.0,5.0,0.0,8000.0,8000.0,8000.0,8000.0,228.0,0.7625570776255708,60.0,0.0231348637015781,0.0510535000066738,0.1638884000130929,0.2357834000140428,0.0039297233335673,13.916666666666666,
test_000_1004,online,8000.0,0,32,0.5057106598984772,0.1153236040609137,0.0115799492385786,0.3788071065989847,0.8389198252372324,0.4556008146639511,0.474045474045474,0.1105647208121827,4.0,3.0,-1.0,8000.0,8000.0,8000.0,8000.0,226.0,0.5638297872340425,60.0,0.1243088995897984,0.0690821000025607,0.1740783000132069,0.2647509000089485,0.0044125150001491,15.199115044247788,
test_000_1005,online,8000.0,0,32,0.2357045609257998,0.0660313138189244,0.0233151803948264,0.146358066712049,0.5178786333624659,0.1775486827033219,0.1090827135451881,0.05428863172226,5.0,7.0,2.0,8000.0,8000.0,8000.0,8000.0,225.0,0.8762376237623762,60.0,0.057405074680583,0.0648971000046003,0.1450059000053443,0.2305846000090241,0.003843076666817,11.48,
test_000_1006,online,8000.0,0,32,0.2780471493061361,0.0822604915565958,0.018558769436549,0.1772278883129911,0.5318610408720446,0.2192586781721906,0.1336329233680227,0.0737334893830463,5.0,6.0,1.0,8000.0,8000.0,8000.0,8000.0,224.0,0.8298969072164949,60.0,0.0796028880866425,0.0661835999926552,0.1891048999968916,0.2774293999827932,0.0046238233330465,14.482142857142858,
test_000_1007,online,8000.0,0,32,0.4457025218733916,0.0718819694630296,0.0283067421513124,0.3455138102590496,0.7212759968559471,0.4375862748964701,0.3633201947600278,0.0650197289414994,2.0,4.0,2.0,8000.0,8000.0,8000.0,8000.0,223.0,0.595,60.0,0.0695412844036697,0.0896573000063654,0.1639457999845035,0.2732242999773007,0.004553738332955,14.170403587443946,
test_000_1008,online,8000.0,0,32,0.1795537104307213,0.0477426050856253,0.0164331430548348,0.1153779622902612,0.1840371731643209,0.1211665098777046,0.0546127067014795,0.0403044455976474,2.0,3.0,1.0,8000.0,8000.0,8000.0,8000.0,224.0,0.9186602870813396,60.0,0.0419971160778658,0.072703600017121,0.159049000008963,0.2552725000132341,0.0042545416668872,12.794642857142858,
test_000_1009,online,8000.0,0,32,0.3827458554643489,0.0928697891517785,0.0143248028327699,0.2755512634798004,0.6878585755805277,0.3416197319867936,0.3039108586410312,0.0856269113149847,3.0,3.0,0.0,8000.0,8000.0,8000.0,8000.0,229.0,0.6839378238341969,60.0,0.0936454849498327,0.0624674999853596,0.1746351999754551,0.2628591999527998,0.0043809866658799,15.183406113537115,
test_000_1010,online,8000.0,0,32,0.1918909472212513,0.0527787486892694,0.018350227193289,0.1207619713386927,0.3118867846096188,0.1578446306169078,0.0928370482579528,0.0410695560992659,5.0,6.0,1.0,8000.0,8000.0,8000.0,8000.0,221.0,0.8743961352657005,60.0,0.0428285037361035,0.0609137999999802,0.1553680000070016,0.2375907000096049,0.00395984500016,12.723981900452488,
test_000_1011,online,8000.0,0,32,0.1918754014129736,0.0855812459858702,0.0208734746307,0.0854206807964033,0.5557993216451734,0.1000769822940723,0.1196306704134885,0.0828516377649325,3.0,3.0,0.0,8000.0,8000.0,8000.0,8000.0,233.0,0.9215686274509804,60.0,0.0903361344537815,0.0605818000040017,0.165086799999699,0.2471449000004213,0.0041190816666736,13.274678111587985,
test_000_1012,online,8000.0,0,32,0.5211676600947578,0.1242549289316827,0.0221610881858474,0.3747516429772276,0.8928872900558293,0.5279177585164282,0.4893242350869469,0.1208925569310713,2.0,3.0,1.0,8000.0,8000.0,8000.0,8000.0,235.0,0.5053191489361702,60.0,0.1375173852573018,0.0675591999897733,0.2656580999901052,0.3550542999873869,0.0059175716664564,22.391489361702128,
test_000_1013,online,8000.0,0,32,0.1586421891236577,0.0481468652580533,0.0223415310010391,0.0881537928645652,0.5310147666335431,0.1245714285714285,0.0659602076124567,0.0453758226532732,5.0,3.0,-2.0,8000.0,8000.0,8000.0,8000.0,225.0,0.8990384615384616,60.0,0.047532656023222,0.0589687000028789,0.1684965000022202,0.2499473000061698,0.0041657883334361,14.831111111111111,
test_000_1014,online,8000.0,0,32,0.2539279479447707,0.0968100301539438,0.0172988414537375,0.1398190763370893,0.9066623376773058,0.1351192804067266,0.0907221206581352,0.094588160609427,5.0,5.0,0.0,8000.0,8000.0,8000.0,8000.0,232.0,0.911917098445596,60.0,0.1035933391761612,0.0584403999964706,0.1244621000078041,0.2062631000007968,0.0034377183333466,9.155172413793103,
test_000_1015,online,8000.0,0,32,0.163185600271693,0.0485651214128035,0.0249617931737137,0.0896586856851757,0.1666024163888778,0.1042636380562278,0.0534431770173215,0.0439803022584479,3.0,8.0,5.0,8000.0,8000.0,8000.0,8000.0,230.0,0.9248826291079812,60.0,0.0460035523978685,0.0552224999992176,0.1343477999907918,0.2103612000064458,0.0035060200001074,10.217391304347826,
test_000_1016,online,8000.0,0,32,0.2133705650459921,0.0905059132720105,0.0226675427069645,0.100197109067017,0.2075203338965918,0.1225451688923802,0.0826427771556551,0.0818002628120893,4.0,7.0,3.0,8000.0,8000.0,8000.0,8000.0,227.0,0.9095477386934674,60.0,0.089087656529517,0.1941881000238936,0.1386242999869864,0.3550417000078596,0.0059173616667976,10.193832599118943,
test_000_1017,online,8000.0,0,32,0.2861138532411977,0.0771635406383678,0.02319842053307,0.1857518920697597,0.2974500347119903,0.2224990417784591,0.1106422878574777,0.0707469562356038,4.0,9.0,5.0,8000.0,8000.0,8000.0,8000.0,230.0,0.845,60.0,0.0761331444759206,0.0675815000140573,0.1373433999833651,0.228831699991133,0.0038138616665188,9.221739130434782,
test_000_1018,online,8000.0,0,32,0.2446551724137931,0.0667241379310344,0.0236206896551724,0.1543103448275862,0.2435874385712573,0.1778563015312131,0.0668996505242136,0.0608620689655172,2.0,3.0,1.0,8000.0,8000.0,8000.0,8000.0,222.0,0.865,60.0,0.0648063154029741,0.0688668999937363,0.1020580999902449,0.1932889999879989,0.0032214833331333,6.824324324324325,
test_000_1019,online,8000.0,0,32,0.2708726212926453,0.0560603463055031,0.0204011657809017,0.1944111092062403,0.5277182084980674,0.2120463613908417,0.204294601645595,0.0488599348534201,4.0,5.0,1.0,8000.0,8000.0,8000.0,8000.0,225.0,0.8095238095238095,60.0,0.0513698630136986,0.0614342000044416,0.226023700000951,0.3099595000094268,0.0051659916668237,17.04,
test_000_1020,online,8000.0,0,32,0.4916022841787034,0.0935505542492442,0.0298958683238159,0.3681558616056433,0.8399211692185576,0.4680808080808081,0.4028529267092966,0.0843130668458179,4.0,4.0,0.0,8000.0,8000.0,8000.0,8000.0,223.0,0.5706806282722513,60.0,0.0920763022743947,0.0659027999790851,0.1414385999960359,0.2280414999695494,0.0038006916661591,11.515695067264572,
test_000_1021,online,8000.0,0,32,0.3385113268608414,0.1111650485436893,0.0132686084142394,0.2140776699029126,0.5677708262185259,0.2557436517533252,0.2174219300305236,0.0985436893203883,5.0,4.0,-1.0,8000.0,8000.0,8000.0,8000.0,223.0,0.7783783783783784,60.0,0.1093161012385568,0.0709657999977935,0.1505450000113342,0.2438918999978341,0.0040648649999639,11.789237668161435,
test_000_1022,online,8000.0,0,32,0.6127316403568978,0.0427247769389155,0.0250514756348661,0.544955387783116,0.94648130116137,0.6156424581005586,0.5739773716275022,0.039293067947838,5.0,3.0,-2.0,8000.0,8000.0,8000.0,8000.0,229.0,0.4123222748815165,60.0,0.0409001607429898,0.0663595999940298,0.2507742999878246,0.3408794999995734,0.0056813249999928,23.519650655021834,
test_000_1023,online,8000.0,0,32,0.3810276679841897,0.1141501976284585,0.0232411067193675,0.2436363636363636,0.6832705361988752,0.3238833367326126,0.2606534090909091,0.1124110671936758,5.0,4.0,-1.0,8000.0,8000.0,8000.0,8000.0,230.0,0.7189189189189189,60.0,0.1266476665479159,0.0624715000158175,0.4594925999990664,0.5437827999994624,0.0090630466666577,12.8,
test_000_1000,online,16000.0,0,64,0.1224111803333894,0.0756019531907728,0.0227310995117023,0.0240781276309142,0.1521439668334282,0.0629506918729292,0.037521815008726,0.0680249200202054,3.0,3.0,0.0,16000.0,16000.0,16000.0,16000.0,225.0,0.9748743718592964,60.0,0.0729900632339656,0.1613458999781869,0.19964879998588,0.3858492999570444,0.0064308216659507,12.533333333333331,
test_000_1001,online,16000.0,0,64,0.2572306579898771,0.064172089660159,0.0448300795372378,0.1482284887924801,0.2783922736438035,0.1865671641791045,0.0640744797371303,0.051879971077368,3.0,6.0,3.0,16000.0,16000.0,16000.0,16000.0,217.0,0.8737373737373737,60.0,0.0547187797902764,0.1407605999847874,0.1076310999924317,0.2722944999695755,0.0045382416661595,5.9953917050691246,
test_000_1002,online,16000.0,0,64,0.6222455403987408,0.0431969220006995,0.0269324938789786,0.5521161245190626,1.140961887577144,0.611152835148329,0.5629779577147999,0.0342777194823364,3.0,2.0,-1.0,16000.0,16000.0,16000.0,16000.0,225.0,0.4238095238095238,60.0,0.0354943860919956,0.1177250999899115,0.2711148999806028,0.4109461999614723,0.0068491033326912,19.20888888888889,
test_000_1003,online,16000.0,0,64,0.2822085889570552,0.0255915863277826,0.024715162138475,0.2319018404907975,0.4991031918853654,0.26271342023132,0.2214568983510749,0.0226117440841367,5.0,5.0,0.0,16000.0,16000.0,16000.0,16000.0,228.0,0.7625570776255708,60.0,0.0231348637015781,0.1624520999903325,0.2202391999890096,0.410564499994507,0.0068427416665751,14.535087719298245,
test_000_1004,online,16000.0,0,64,0.5057106598984772,0.1153236040609137,0.0115799492385786,0.3788071065989847,0.8389198252372324,0.4556008146639511,0.474045474045474,0.1105647208121827,4.0,3.0,-1.0,16000.0,16000.0,16000.0,16000.0,226.0,0.5638297872340425,60.0,0.1243088995897984,0.1190169000183232,0.2042253999970853,0.3519827999989502,0.0058663799999825,15.469026548672566,
test_000_1005,online,16000.0,0,64,0.2357045609257998,0.0660313138189244,0.0233151803948264,0.146358066712049,0.5178786333624659,0.1775486827033219,0.1090827135451881,0.05428863172226,5.0,7.0,2.0,16000.0,16000.0,16000.0,16000.0,225.0,0.8762376237623762,60.0,0.057405074680583,0.1273481000098399,0.2031821999989915,0.3542014000122435,0.0059033566668707,11.497777777777776,
test_000_1006,online,16000.0,0,64,0.2780471493061361,0.0822604915565958,0.018558769436549,0.1772278883129911,0.5318610408720446,0.2192586781721906,0.1336329233680227,0.0737334893830463,5.0,6.0,1.0,16000.0,16000.0,16000.0,16000.0,224.0,0.8298969072164949,60.0,0.0796028880866425,0.0936123999999836,0.1794493999914266,0.2963966999959666,0.0049399449999327,15.348214285714286,
test_000_1007,online,16000.0,0,64,0.4457025218733916,0.0718819694630296,0.0283067421513124,0.3455138102590496,0.7212759968559471,0.4375862748964701,0.3633201947600278,0.0650197289414994,2.0,4.0,2.0,16000.0,16000.0,16000.0,16000.0,223.0,0.595,60.0,0.0695412844036697,0.0586473000003024,0.1806185000168625,0.263849900016794,0.0043974983336132,16.269058295964125,
test_000_1008,online,16000.0,0,64,0.1795537104307213,0.0477426050856253,0.0164331430548348,0.1153779622902612,0.1840371731643209,0.1211665098777046,0.0546127067014795,0.0403044455976474,2.0,3.0,1.0,16000.0,16000.0,16000.0,16000.0,224.0,0.9186602870813396,60.0,0.0419971160778658,0.0620480999932624,0.1684023000125307,0.2536058000114281,0.0042267633335238,13.40625,
test_000_1009,online,16000.0,0,64,0.3827458554643489,0.0928697891517785,0.0143248028327699,0.2755512634798004,0.6887375030468093,0.3416197319867936,0.3039108586410312,0.0856269113149847,3.0,3.0,0.0,16000.0,16000.0,16000.0,16000.0,229.0,0.6839378238341969,60.0,0.0936454849498327,0.066585299995495,0.2169502999749966,0.3072355999611318,0.0051205933326855,16.117903930131003,
test_000_1010,online,16000.0,0,64,0.1918909472212513,0.0527787486892694,0.018350227193289,0.1207619713386927,0.3118867846096188,0.1578446306169078,0.0928370482579528,0.0410695560992659,5.0,6.0,1.0,16000.0,16000.0,16000.0,16000.0,221.0,0.8743961352657005,60.0,0.0428285037361035,0.0850269000220578,0.1784715999965556,0.2891071000194642,0.004818451666991,12.751131221719458,
test_000_1011,online,16000.0,0,64,0.1918754014129736,0.0855812459858702,0.0208734746307,0.0854206807964033,0.5557993216451734,0.1000769822940723,0.1196306704134885,0.0828516377649325,3.0,3.0,0.0,16000.0,16000.0,16000.0,16000.0,233.0,0.9215686274509804,60.0,0.0903361344537815,0.0636029000161215,0.1736458000086713,0.2631181000324432,0.0043853016672073,13.699570815450643,
test_000_1012,online,16000.0,0,64,0.5211676600947578,0.1242549289316827,0.0221610881858474,0.3747516429772276,0.8928872900558293,0.5279177585164282,0.4893242350869469,0.1208925569310713,2.0,3.0,1.0,16000.0,16000.0,16000.0,16000.0,235.0,0.5053191489361702,60.0,0.1375173852573018,0.0596406999975442,0.3196263999852817,0.4043278999743052,0.006738798332905,28.22553191489362,
test_000_1013,online,16000.0,0,64,0.1586421891236577,0.0481468652580533,0.0223415310010391,0.0881537928645652,0.5310147666335431,0.1245714285714285,0.0659602076124567,0.0453758226532732,5.0,3.0,-2.0,16000.0,16000.0,16000.0,16000.0,225.0,0.8990384615384616,60.0,0.047532656023222,0.065897299995413,0.1788377000193577,0.2673020999936852,0.0044550349998947,15.982222222222225,
test_000_1014,online,16000.0,0,64,0.2539279479447707,0.0968100301539438,0.0172988414537375,0.1398190763370893,0.9066623376773058,0.1351192804067266,0.0907221206581352,0.094588160609427,5.0,5.0,0.0,16000.0,16000.0,16000.0,16000.0,232.0,0.911917098445596,60.0,0.1035933391761612,0.05842549999943,0.2636607000022195,0.3493911999976262,0.0058231866666271,9.15948275862069,
test_000_1015,online,16000.0,0,64,0.163185600271693,0.0485651214128035,0.0249617931737137,0.0896586856851757,0.1666024163888778,0.1042636380562278,0.0534431770173215,0.0439803022584479,3.0,8.0,5.0,16000.0,16000.0,16000.0,16000.0,230.0,0.9248826291079812,60.0,0.0460035523978685,0.1036634999909438,0.1866623999958392,0.3188527000020258,0.0053142116667004,10.217391304347826,
test_000_1016,online,16000.0,0,64,0.2133705650459921,0.0905059132720105,0.0226675427069645,0.100197109067017,0.2075203338965918,0.1225451688923802,0.0826427771556551,0.0818002628120893,4.0,7.0,3.0,16000.0,16000.0,16000.0,16000.0,227.0,0.9095477386934674,60.0,0.089087656529517,0.0952438999956939,0.1333365000027697,0.2509228999842889,0.0041820483330714,10.237885462555068,
test_000_1017,online,16000.0,0,64,0.2861138532411977,0.0771635406383678,0.02319842053307,0.1857518920697597,0.2974500347119903,0.2224990417784591,0.1106422878574777,0.0707469562356038,4.0,9.0,5.0,16000.0,16000.0,16000.0,16000.0,230.0,0.845,60.0,0.0761331444759206,0.0654856000037398,0.1231625000073108,0.2122228000080213,0.0035370466668003,9.234782608695651,
test_000_1018,online,16000.0,0,64,0.2446551724137931,0.0667241379310344,0.0236206896551724,0.1543103448275862,0.2435874385712573,0.1778563015312131,0.0668996505242136,0.0608620689655172,2.0,3.0,1.0,16000.0,16000.0,16000.0,16000.0,222.0,0.865,60.0,0.0648063154029741,0.0598237999947741,0.1155323999992106,0.1994163999916054,0.0033236066665267,6.824324324324325,
test_000_1019,online,16000.0,0,64,0.2708726212926453,0.0560603463055031,0.0204011657809017,0.1944111092062403,0.5277182084980674,0.2120463613908417,0.204294601645595,0.0488599348534201,4.0,5.0,1.0,16000.0,16000.0,16000.0,16000.0,225.0,0.8095238095238095,60.0,0.0513698630136986,0.070984199992381,0.2174190999940037,0.3122508999658748,0.0052041816660979,18.386666666666667,
test_000_1020,online,16000.0,0,64,0.4916022841787034,0.0935505542492442,0.0298958683238159,0.3681558616056433,0.8399211692185576,0.4680808080808081,0.4028529267092966,0.0843130668458179,4.0,4.0,0.0,16000.0,16000.0,16000.0,16000.0,223.0,0.5706806282722513,60.0,0.0920763022743947,0.0680179000191856,0.1565284999960567,0.2496262000349816,0.0041604366672496,11.52017937219731,
test_000_1021,online,16000.0,0,64,0.3385113268608414,0.1111650485436893,0.0132686084142394,0.2140776699029126,0.5677708262185259,0.2557436517533252,0.2174219300305236,0.0985436893203883,5.0,4.0,-1.0,16000.0,16000.0,16000.0,16000.0,223.0,0.7783783783783784,60.0,0.1093161012385568,0.0618125000037252,0.1862479000119492,0.2728593999927398,0.0045476566665456,11.816143497757848,
test_000_1022,online,16000.0,0,64,0.6127316403568978,0.0427247769389155,0.0250514756348661,0.544955387783116,0.94648130116137,0.6156424581005586,0.5739773716275022,0.039293067947838,5.0,3.0,-2.0,16000.0,16000.0,16000.0,16000.0,229.0,0.4123222748815165,60.0,0.0409001607429898,0.1426090000022668,0.3673991999821737,0.5317615999956615,0.008862693333261,35.0,
test_000_1023,online,16000.0,0,64,0.3810276679841897,0.1141501976284585,0.0232411067193675,0.2436363636363636,0.6832705361988752,0.3238833367326126,0.2606534090909091,0.1124110671936758,5.0,4.0,-1.0,16000.0,16000.0,16000.0,16000.0,230.0,0.7189189189189189,60.0,0.1266476665479159,0.0610236000211443,0.1374033000029157,0.2195808000396937,0.0036596800006615,12.826086956521738,
test_000_1000,offline_ahc,inf,0,-1,0.1395857888533423,0.07560195319077286,0.022731099511702307,0.04125273615086715,0.19718316376639888,0.0828298577275385,0.0462478184991274,0.06802492002020542,3.0,3.0,0.0,29500.0,56199.99999999999,59000.0,59000.0,225.0,0.9597989949748744,60.0,0.07299006323396567,0.10468290001153946,0.03896149998763576,0.17062480002641678,0.0028437466671069464,,3.0
test_000_1001,offline_ahc,inf,0,-1,0.3185104844540853,0.06417208966015907,0.04483007953723789,0.20950831525668837,0.39282736203283813,0.28317870108914883,0.14101861993428258,0.05187997107736804,3.0,4.0,1.0,29250.0,56050.0,58750.0,58750.0,217.0,0.7828282828282829,60.0,0.05471877979027645,0.09510910001699813,0.03246170000056736,0.15082150002126582,0.002513691667021097,,4.0
test_000_1002,offline_ahc,inf,0,-1,0.617873382301504,0.04319692200069954,0.026932493878978662,0.5477439664218258,1.1337004094310321,0.6064588809613218,0.565677013045434,0.03427771948233648,3.0,1.0,-2.0,30250.0,55949.99999999999,58750.0,58750.0,225.0,0.42857142857142855,60.0,0.03549438609199566,0.077205799985677,0.03469440000480972,0.134096399997361,0.002234939999956017,,1.0
test_000_1003,offline_ahc,inf,0,-1,0.20823838737949169,0.025591586327782648,0.024715162138475022,0.157931638913234,0.44507608219647193,0.19331742243436753,0.1237737424337299,0.02261174408413672,5.0,4.0,-1.0,29125.0,56162.49999999999,59250.0,59250.0,228.0,0.8310502283105022,60.0,0.023134863701578193,0.08853890001773834,0.03977329999906942,0.1536418000177946,0.002560696666963243,,4.0
test_000_1004,offline_ahc,inf,0,-1,0.31678299492385786,0.1153236040609137,0.01157994923857868,0.18987944162436549,0.554218578772192,0.219959266802444,0.2438867438867439,0.11056472081218274,4.0,3.0,-1.0,28625.0,56187.5,59000.0,59000.0,226.0,0.8031914893617021,60.0,0.12430889958979846,0.07541419999324717,0.032015999982832,0.13271689997054636,0.0022119483328424394,,3.0
test_000_1005,offline_ahc,inf,0,-1,0.3112661674608577,0.06603131381892444,0.023315180394826412,0.22191967324710687,0.6261302558633374,0.2852233676975945,0.2116294793779581,0.05428863172226004,5.0,3.0,-2.0,29750.0,56199.99999999999,59500.0,59500.0,225.0,0.7574257425742574,60.0,0.05740507468058305,0.07256349999806844,0.02883060000021942,0.12399269998422824,0.0020665449997371373,,3.0
test_000_1006,offline_ahc,inf,0,-1,0.3450927938471827,0.08226049155659589,0.01855876943654907,0.24427353285403777,0.6721483155708226,0.30535399097862326,0.20908230842005676,0.07373348938304632,5.0,3.0,-2.0,29875.0,56212.5,59000.0,59000.0,224.0,0.7371134020618557,60.0,0.07960288808664259,0.07491369999479502,0.03337930000270717,0.12874099999316968,0.0021456833332194948,,3.0
test_000_1007,offline_ahc,inf,0,-1,0.5151827071538857,0.07188196946302967,0.028306742151312403,0.41499399553954364,0.9343553275409116,0.5174521790573852,0.470670067238581,0.0650197289414994,2.0,2.0,0.0,30000.0,55724.99999999999,59000.0,59000.0,223.0,0.515,60.0,0.06954128440366973,0.07949010000447743,0.03546509999432601,0.13708929999847896,0.002284821666641316,,2.0
test_000_1008,offline_ahc,inf,0,-1,0.1167618059159315,0.04774260508562533,0.016433143054834804,0.05258605777547137,0.1738777378594325,0.08316086547507055,0.02132288946910357,0.04030444559764747,2.0,2.0,0.0,29875.0,56212.5,59000.0,59000.0,224.0,0.9473684210526315,60.0,0.041997116077865895,0.09604109998326749,0.02944980000029318,0.14915039998595603,0.0024858399997659338,,2.0
test_000_1009,offline_ahc,inf,0,-1,0.39835828102366005,0.09286978915177853,0.014324802832769998,0.29116368903911155,0.7241327426353585,0.3451155564187221,0.3198601704173039,0.0856269113149847,3.0,2.0,-1.0,29750.0,56150.0,59000.0,59000.0,229.0,0.6839378238341969,60.0,0.09364548494983277,0.07825449999654666,0.0362606999988202,0.13908560000709258,0.002318093333451543,,2.0
test_000_1010,offline_ahc,inf,0,-1,0.28311779098217404,0.05277874868926949,0.01835022719328906,0.2119888150996155,0.4662239264447379,0.2608530083777609,0.2057996104739234,0.04106955609926599,5.0,4.0,-1.0,30000.0,56250.0,59000.0,59000.0,221.0,0.7729468599033816,60.0,0.042828503736103515,0.08200500000384636,0.037245200015604496,0.14116060000378639,0.002352676666729773,,4.0
test_000_1011,offline_ahc,inf,0,-1,0.22864482980089917,0.08558124598587026,0.020873474630700065,0.12219010918432884,0.6153561486178635,0.14087759815242495,0.13749498193496587,0.08285163776493257,3.0,3.0,0.0,29500.0,56349.99999999999,59250.0,59250.0,233.0,0.8823529411764706,60.0,0.09033613445378151,0.0696213000046555,0.0439433999999892,0.14151779998792335,0.0023586299997987227,,3.0
test_000_1012,offline_ahc,inf,0,-1,0.5121503897294819,0.12425492893168272,0.022161088185847472,0.3657343726119517,0.8785996869817094,0.5160249949606934,0.4836011446180938,0.12089255693107137,2.0,2.0,0.0,29500.0,55824.99999999999,59000.0,59000.0,235.0,0.526595744680851,60.0,0.1375173852573018,0.06050600000889972,0.047265300003346056,0.1330372999946121,0.002217288333243535,,2.0
test_000_1013,offline_ahc,inf,0,-1,0.19276065119501212,0.04814686525805334,0.022341531001039142,0.12227225493591964,0.6032472288305956,0.14495238095238094,0.08347750865051903,0.04537582265327329,5.0,3.0,-2.0,29500.0,55949.99999999999,58750.0,58750.0,225.0,0.8894230769230769,60.0,0.04753265602322206,0.07645849999971688,0.042709499975899234,0.14533429997391067,0.0024222383328985114,,3.0
test_000_1014,offline_ahc,inf,0,-1,0.23345500714172354,0.09681003015394382,0.0172988414537375,0.11934613553404222,0.48203011078912805,0.15056707078607742,0.08752285191956125,0.09458816060942707,5.0,4.0,-1.0,30625.0,56612.5,59500.0,59500.0,232.0,0.8963730569948186,60.0,0.10359333917616126,0.5571426000096835,0.04179580000345595,0.6218518000096083,0.010364196666826805,,4.0
test_000_1015,offline_ahc,inf,0,-1,0.1891662421463746,0.04856512141280353,0.024961793173713703,0.11563932755985736,0.2051267807314652,0.15155464531744553,0.08301647655259822,0.043980302258447956,3.0,5.0,2.0,29125.0,56637.49999999999,59500.0,59500.0,230.0,0.8826291079812206,60.0,0.04600355239786856,0.16918789999908768,0.05454179999651387,0.2517723999917507,0.004196206666529178,,5.0
test_000_1016,offline_ahc,inf,0,-1,0.36481603153745074,0.09050591327201052,0.02266754270696452,0.2516425755584757,0.5994689381570043,0.3152003142183818,0.2620380739081747,0.08180026281208935,4.0,5.0,1.0,29250.0,56425.0,59250.0,59250.0,227.0,0.7286432160804021,60.0,0.089087656529517,0.24387760000536218,0.036141299991868436,0.30438139999751,0.005073023333291834,,5.0
test_000_1017,offline_ahc,inf,0,-1,0.2903915761763738,0.07716354063836789,0.02319842053307009,0.19002961500493584,0.32689547778273237,0.24089689536220774,0.15002344116268168,0.07074695623560381,4.0,6.0,2.0,29875.0,56637.49999999999,59500.0,59500.0,230.0,0.815,60.0,0.07613314447592068,0.06967029999941587,0.04144309999537654,0.13420199998654425,0.0022366999997757374,,6.0
test_000_1018,offline_ahc,inf,0,-1,0.3039655172413793,0.06672413793103449,0.023620689655172413,0.21362068965517242,0.3106648668496924,0.26383981154299174,0.14228657014478283,0.06086206896551724,2.0,3.0,1.0,30625.0,56487.5,59250.0,59250.0,222.0,0.775,60.0,0.06480631540297412,0.06361860001925379,0.042853099992498755,0.13221920002251863,0.002203653333708644,,3.0
test_000_1019,offline_ahc,inf,0,-1,0.40493742499571406,0.05606034630550317,0.020401165780901766,0.3284759129093091,0.8290894800574622,0.39464183925517765,0.36223158739715033,0.048859934853420196,4.0,2.0,-2.0,29250.0,56199.99999999999,59000.0,59000.0,225.0,0.6285714285714286,60.0,0.05136986301369863,0.07373469998128712,0.04064519997336902,0.14280269996379502,0.0023800449993965837,,2.0
test_000_1020,offline_ahc,inf,0,-1,0.45952300974135035,0.0935505542492442,0.02989586832381592,0.33607658716829025,0.7641008079604571,0.4301010101010101,0.3575996064928677,0.08431306684581794,4.0,3.0,-1.0,29500.0,55974.99999999999,58750.0,58750.0,223.0,0.6282722513089005,60.0,0.09207630227439471,0.07350069997482933,0.037515100004384294,0.13746069997432642,0.0022910116662387737,,3.0
test_000_1021,offline_ahc,inf,0,-1,0.4027508090614887,0.11116504854368932,0.013268608414239482,0.2783171521035599,0.6129624640556305,0.37343812978637647,0.32754167644987087,0.09854368932038834,5.0,3.0,-2.0,28750.0,55474.99999999999,58750.0,58750.0,223.0,0.6594594594594595,60.0,0.10931610123855681,0.07797549999668263,0.042854699975578114,0.14563359998282976,0.002427226666380496,,3.0
test_000_1022,offline_ahc,inf,0,-1,0.6240562800274537,0.04272477693891558,0.025051475634866163,0.5562800274536719,0.9756687943890696,0.6279329608938548,0.5828981723237598,0.039293067947838024,5.0,3.0,-2.0,29500.0,55900.0,59000.0,59000.0,229.0,0.3981042654028436,60.0,0.04090016074298982,0.06960709998384118,0.03800429997500032,0.13564049993874505,0.002260674998979084,,3.0
test_000_1023,offline_ahc,inf,0,-1,0.4671936758893281,0.1141501976284585,0.023241106719367587,0.329802371541502,0.7774934932501771,0.4244340199877626,0.3776041666666667,0.11241106719367588,5.0,3.0,-2.0,29625.0,56387.49999999999,59250.0,59250.0,230.0,0.6108108108108108,60.0,0.12664766654791593,0.10133940001833253,0.04607010001200251,0.17425690003437921,0.0029042816672396536,,3.0
