method,seed,coverage,risk
online,0,0.00020807324178110696,1.0
online,0,0.005201831044527674,0.56
online,0,0.01019558884727424,0.42857142857142855
online,0,0.015189346650020807,0.3972602739726027
online,0,0.020183104452767373,0.3402061855670103
online,0,0.02517686225551394,0.30578512396694213
online,0,0.030170620058260506,0.3103448275862069
online,0,0.03537245110278818,0.29411764705882354
online,0,0.040366208905534745,0.27835051546391754
online,0,0.04535996670828132,0.25688073394495414
online,0,0.05035372451102788,0.23140495867768596
online,0,0.05534748231377445,0.21428571428571427
online,0,0.06034124011652101,0.21379310344827587
online,0,0.06533499791926758,0.20063694267515925
online,0,0.07053682896379526,0.20058997050147492
online,0,0.07553058676654183,0.19559228650137742
online,0,0.08052434456928839,0.18863049095607234
online,0,0.08551810237203496,0.1897810218978102
online,0,0.09051186017478152,0.1793103448275862
online,0,0.09550561797752809,0.18082788671023964
online,0,0.10049937578027465,0.17805383022774326
online,0,0.10570120682480233,0.17716535433070865
online,0,0.1106949646275489,0.17481203007518797
online,0,0.11568872243029546,0.17805755395683454
online,0,0.12068248023304202,0.1724137931034483
online,0,0.1256762380357886,0.17218543046357615
online,0,0.13066999583853517,0.16560509554140126
online,0,0.13566375364128172,0.16257668711656442
online,0,0.1408655846858094,0.15657311669128507
online,0,0.14585934248855598,0.15406562054208273
online,0,0.15085310029130253,0.1489655172413793
online,0,0.1558468580940491,0.15220293724966621
online,0,0.16084061589679569,0.14877102199223805
online,0,0.16583437369954224,0.14554579673776663
online,0,0.17082813150228882,0.14494518879415347
online,0,0.1760299625468165,0.14420803782505912
online,0,0.18102372034956304,0.14482758620689656
online,0,0.18601747815230962,0.14988814317673377
online,0,0.19101123595505617,0.15359477124183007
online,0,0.19600499375780275,0.15286624203821655
online,0,0.2009987515605493,0.15217391304347827
online,0,0.20599250936329588,0.15555555555555556
online,0,0.21119434040782356,0.15270935960591134
online,0,0.2161880982105701,0.15206929740134745
online,0,0.2211818560133167,0.15051740357478832
online,0,0.22617561381606324,0.15179392824287027
online,0,0.23116937161880982,0.15301530153015303
online,0,0.2361631294215564,0.1524229074889868
online,0,0.24115688722430295,0.15530629853321828
online,0,0.24635871826883063,0.15371621621621623
online,0,0.2513524760715772,0.15314569536423842
online,0,0.25634623387432376,0.15584415584415584
online,0,0.26133999167707034,0.15605095541401273
online,0,0.2663337494798169,0.1546875
online,0,0.27132750728256344,0.1526073619631902
online,0,0.27652933832709115,0.15349887133182843
online,0,0.2815230961298377,0.15225424981522542
online,0,0.28651685393258425,0.15468409586056645
online,0,0.2915106117353308,0.15417558886509636
online,0,0.2965043695380774,0.1543859649122807
online,0,0.301498127340824,0.1518288474810214
online,0,0.30649188514357056,0.15274949083503056
online,0,0.3116937161880982,0.15353805073431243
online,0,0.3166874739908448,0.15177398160315375
online,0,0.32168123179359137,0.1520051746442432
online,0,0.3266749895963379,0.15159235668789808
online,0,0.3316687473990845,0.15307402760351319
online,0,0.33666250520183105,0.1526576019777503
online,0,0.34165626300457763,0.15529841656516444
online,0,0.3468580940491053,0.15476904619076184
online,0,0.35185185185185186,0.1543465405085748
online,0,0.35684560965459844,0.15335276967930028
online,0,0.36183936745734496,0.15181138585393905
online,0,0.36683312526009154,0.1537152580828134
online,0,0.3718268830628381,0.1527700055959709
online,0,0.3768206408655847,0.1529541689674213
online,0,0.38202247191011235,0.15359477124183007
online,0,0.38701622971285893,0.1532258064516129
online,0,0.3920099875156055,0.15445859872611464
online,0,0.3970037453183521,0.1540880503144654
online,0,0.4019975031210986,0.15476190476190477
online,0,0.4069912609238452,0.15593047034764826
online,0,0.41198501872659177,0.15656565656565657
online,0,0.4171868497711194,0.15610972568578554
online,0,0.422180607573866,0.15623459832429767
online,0,0.4271743653766126,0.1573307355090112
online,0,0.43216812317935915,0.15840154068367837
online,0,0.4371618809821057,0.1589719181342218
online,0,0.44215563878485226,0.1595294117647059
online,0,0.44714939658759884,0.15960912052117263
online,0,0.4523512276321265,0.15915363385464582
online,0,0.45734498543487306,0.1592356687898089
online,0,0.46233874323761964,0.15841584158415842
online,0,0.4673325010403662,0.1580587711487088
online,0,0.4723262588431128,0.15859030837004406
online,0,0.4773200166458593,0.15998256320836965
online,0,0.4823137744486059,0.16005176876617774
online,0,0.4875156054931336,0.16047801963294922
online,0,0.49250936329588013,0.16054076890578792
online,0,0.4975031210986267,0.1606022584692597
online,0,0.5024968789013733,0.1606625258799172
online,0,0.5074906367041199,0.16072160721607215
online,0,0.5124843945068664,0.16159155501421033
online,0,0.5176862255513941,0.159967845659164
online,0,0.5226799833541407,0.1588375796178344
online,0,0.5276737411568873,0.15772870662460567
online,0,0.5326674989596338,0.15703125
online,0,0.5376612567623804,0.15712074303405574
online,0,0.5426550145651269,0.15682515337423314
online,0,0.5476487723678735,0.15691489361702127
online,0,0.5528506034124012,0.1565675573955589
online,0,0.5578443612151477,0.15703095859753824
online,0,0.5628381190178943,0.15600739371534195
online,0,0.5678318768206408,0.15646757053865884
online,0,0.5728256346233874,0.15583000363240102
online,0,0.577819392426134,0.15628375945264675
online,0,0.5828131502288806,0.15672973937879328
online,0,0.5880149812734082,0.15605095541401273
online,0,0.5930087390761548,0.156140350877193
online,0,0.5980024968789014,0.15622825330549756
online,0,0.602996254681648,0.15562456866804694
online,0,0.6079900124843945,0.15537303216974674
online,0,0.6129837702871411,0.1551255940257977
online,0,0.6179775280898876,0.15488215488215487
online,0,0.6231793591344154,0.15425709515859767
online,0,0.6281731169371619,0.15402451142762505
online,0,0.6331668747399084,0.15478146565888926
online,0,0.638160632542655,0.15552657319856536
online,0,0.6431543903454016,0.1562601099967648
online,0,0.6481481481481481,0.15698234349919743
online,0,0.6531419059508947,0.15641924179675057
online,0,0.6583437369954224,0.15771175726927938
online,0,0.663337494798169,0.15715181932245922
online,0,0.6683312526009155,0.15722291407222913
online,0,0.6733250104036621,0.15636588380716934
online,0,0.6783187682064087,0.15766871165644172
online,0,0.6833125260091553,0.15834348355663824
online,0,0.6883062838119018,0.15931076178960096
online,0,0.6935081148564295,0.15841584158415842
online,0,0.6985018726591761,0.15907059874888294
online,0,0.7034956304619226,0.15971606033717836
online,0,0.7084893882646691,0.160352422907489
online,0,0.7134831460674157,0.1615631379410907
online,0,0.7184769038701623,0.16304662612221257
online,0,0.7234706616729089,0.1630716134598792
online,0,0.7286724927174365,0.163049685893775
online,0,0.7336662505201831,0.1636415201361316
online,0,0.7386600083229297,0.163943661971831
online,0,0.7436537661256762,0.1650811415780638
online,0,0.7486475239284228,0.1659255141745414
online,0,0.7536412817311694,0.1662065157371618
online,0,0.758843112775697,0.16671236632848918
online,0,0.7638368705784436,0.1661672568782348
online,0,0.7688306283811902,0.16752368064952639
online,0,0.7738243861839368,0.16751815004033344
online,0,0.7788181439866834,0.1672455249799626
online,0,0.7838119017894298,0.16803822670560128
online,0,0.7888056595921764,0.16908467422843576
online,0,0.7940074906367042,0.17007337526205452
online,0,0.7990012484394506,0.17057291666666666
online,0,0.8039950062421972,0.17184265010351968
online,0,0.8089887640449438,0.17155349794238683
online,0,0.8139825218476904,0.17254601226993865
online,0,0.818976279650437,0.17479674796747968
online,0,0.8239700374531835,0.175
online,0,0.8291718684977112,0.17490589711417817
online,0,0.8341656263004578,0.17535545023696683
online,0,0.8391593841032043,0.1755516984874783
online,0,0.8441531419059509,0.17599211239832388
online,0,0.8491468997086975,0.1771624601813281
online,0,0.8541406575114441,0.17783191230207065
online,0,0.8591344153141905,0.17873577137321386
online,0,0.8643362463587183,0.17886374578719308
online,0,0.8693300041614649,0.17951172809956917
online,0,0.8743237619642114,0.17943836268443597
online,0,0.8793175197669579,0.18078561287269285
online,0,0.8843112775697045,0.18141176470588236
online,0,0.8893050353724511,0.18226485727655592
online,0,0.8942987931751977,0.18380642159143787
online,0,0.8995006242197253,0.1852879944482998
online,0,0.9044943820224719,0.1872555785599264
online,0,0.9094881398252185,0.18851521390986045
online,0,0.9144818976279651,0.1899886234357224
online,0,0.9194756554307116,0.19167232405521611
online,0,0.9244694132334582,0.19266261534998874
online,0,0.9294631710362048,0.19476158495634655
online,0,0.9346650020807324,0.19657168299198574
online,0,0.939658759883479,0.19818423383525244
online,0,0.9446525176862256,0.19933920704845814
online,0,0.9496462754889721,0.20157756354075373
online,0,0.9546400332917186,0.20248474280732345
online,0,0.9596337910944652,0.20424978317432785
online,0,0.9646275488972118,0.206427955133736
online,0,0.9698293799417395,0.20810984767217336
online,0,0.974823137744486,0.2096051227321238
online,0,0.9798168955472326,0.21129751539605013
online,0,0.9848106533499792,0.212761462074794
online,0,0.9898044111527258,0.21463107000210216
online,0,0.9947981689554724,0.21669106881405564
online,0,1.0,0.21910112359550563
naive_online,0,0.00020807324178110696,0.0
naive_online,0,0.005201831044527674,0.36
naive_online,0,0.01019558884727424,0.1836734693877551
naive_online,0,0.015189346650020807,0.136986301369863
naive_online,0,0.020183104452767373,0.10309278350515463
naive_online,0,0.02517686225551394,0.09917355371900827
naive_online,0,0.030170620058260506,0.08275862068965517
naive_online,0,0.03537245110278818,0.08823529411764706
naive_online,0,0.040366208905534745,0.08762886597938144
naive_online,0,0.04535996670828132,0.09174311926605505
naive_online,0,0.05035372451102788,0.09917355371900827
naive_online,0,0.05534748231377445,0.10150375939849623
naive_online,0,0.06034124011652101,0.10344827586206896
naive_online,0,0.06533499791926758,0.10191082802547771
naive_online,0,0.07053682896379526,0.10029498525073746
naive_online,0,0.07553058676654183,0.10192837465564739
naive_online,0,0.08052434456928839,0.10077519379844961
naive_online,0,0.08551810237203496,0.09975669099756691
naive_online,0,0.09051186017478152,0.10114942528735632
naive_online,0,0.09550561797752809,0.10021786492374728
naive_online,0,0.10049937578027465,0.09937888198757763
naive_online,0,0.10570120682480233,0.0984251968503937
naive_online,0,0.1106949646275489,0.09586466165413533
naive_online,0,0.11568872243029546,0.09892086330935251
naive_online,0,0.12068248023304202,0.09482758620689655
naive_online,0,0.1256762380357886,0.09437086092715231
naive_online,0,0.13066999583853517,0.09235668789808917
naive_online,0,0.13566375364128172,0.09049079754601227
naive_online,0,0.1408655846858094,0.0930576070901034
naive_online,0,0.14585934248855598,0.09272467902995721
naive_online,0,0.15085310029130253,0.0910344827586207
naive_online,0,0.1558468580940491,0.08811748998664887
naive_online,0,0.16084061589679569,0.09184993531694696
naive_online,0,0.16583437369954224,0.09284818067754078
naive_online,0,0.17082813150228882,0.09135200974421437
naive_online,0,0.1760299625468165,0.09101654846335698
naive_online,0,0.18102372034956304,0.09080459770114943
naive_online,0,0.18601747815230962,0.0894854586129754
naive_online,0,0.19101123595505617,0.08823529411764706
naive_online,0,0.19600499375780275,0.0881104033970276
naive_online,0,0.2009987515605493,0.08592132505175984
naive_online,0,0.20599250936329588,0.08484848484848485
naive_online,0,0.21119434040782356,0.08472906403940887
naive_online,0,0.2161880982105701,0.0846968238691049
naive_online,0,0.2211818560133167,0.08278457196613359
naive_online,0,0.22617561381606324,0.08187672493100276
naive_online,0,0.23116937161880982,0.08280828082808281
naive_online,0,0.2361631294215564,0.08193832599118943
naive_online,0,0.24115688722430295,0.08196721311475409
naive_online,0,0.24635871826883063,0.08108108108108109
naive_online,0,0.2513524760715772,0.08112582781456953
naive_online,0,0.25634623387432376,0.08198051948051949
naive_online,0,0.26133999167707034,0.0804140127388535
naive_online,0,0.2663337494798169,0.0828125
naive_online,0,0.27132750728256344,0.08128834355828221
naive_online,0,0.27652933832709115,0.0797592174567344
naive_online,0,0.2815230961298377,0.07908351810790835
naive_online,0,0.28651685393258425,0.07770515613652869
naive_online,0,0.2915106117353308,0.07708779443254818
naive_online,0,0.2965043695380774,0.07649122807017544
naive_online,0,0.301498127340824,0.07522429261559696
naive_online,0,0.30649188514357056,0.0746775288526816
naive_online,0,0.3116937161880982,0.07476635514018691
naive_online,0,0.3166874739908448,0.07424441524310119
naive_online,0,0.32168123179359137,0.07438551099611902
naive_online,0,0.3266749895963379,0.07388535031847134
naive_online,0,0.3316687473990845,0.0740276035131744
naive_online,0,0.33666250520183105,0.07478368355995056
naive_online,0,0.34165626300457763,0.07490864799025579
naive_online,0,0.3468580940491053,0.07438512297540492
naive_online,0,0.35185185185185186,0.07569485511531639
naive_online,0,0.35684560965459844,0.07638483965014577
naive_online,0,0.36183936745734496,0.07533064979873491
naive_online,0,0.36683312526009154,0.07487237663074305
naive_online,0,0.3718268830628381,0.07554560716284275
naive_online,0,0.3768206408655847,0.07620099392600774
naive_online,0,0.38202247191011235,0.07734204793028322
naive_online,0,0.38701622971285893,0.07849462365591398
naive_online,0,0.3920099875156055,0.07749469214437367
naive_online,0,0.3970037453183521,0.07756813417190776
naive_online,0,0.4019975031210986,0.07763975155279502
naive_online,0,0.4069912609238452,0.07719836400817996
naive_online,0,0.41198501872659177,0.07828282828282829
naive_online,0,0.4171868497711194,0.07830423940149626
naive_online,0,0.422180607573866,0.07836372597338591
naive_online,0,0.4271743653766126,0.07890891378470531
naive_online,0,0.43216812317935915,0.08040442946557536
naive_online,0,0.4371618809821057,0.08043788672060924
naive_online,0,0.44215563878485226,0.08
naive_online,0,0.44714939658759884,0.08003722661703118
naive_online,0,0.4523512276321265,0.07957681692732291
naive_online,0,0.45734498543487306,0.07961783439490445
naive_online,0,0.46233874323761964,0.08010801080108011
naive_online,0,0.4673325010403662,0.08014247551202137
naive_online,0,0.4723262588431128,0.0801762114537445
naive_online,0,0.4773200166458593,0.08151700087183958
naive_online,0,0.4823137744486059,0.0811044003451251
naive_online,0,0.4875156054931336,0.08109261630388391
naive_online,0,0.49250936329588013,0.0819602872834812
naive_online,0,0.4975031210986267,0.08322877457130907
naive_online,0,0.5024968789013733,0.08281573498964803
naive_online,0,0.5074906367041199,0.08282082820828209
naive_online,0,0.5124843945068664,0.0828258221680877
naive_online,0,0.5176862255513941,0.08440514469453377
naive_online,0,0.5226799833541407,0.08439490445859872
naive_online,0,0.5276737411568873,0.08477917981072555
naive_online,0,0.5326674989596338,0.08515625
naive_online,0,0.5376612567623804,0.08552631578947369
naive_online,0,0.5426550145651269,0.08627300613496933
naive_online,0,0.5476487723678735,0.08662613981762918
naive_online,0,0.5528506034124012,0.08694015807301468
naive_online,0,0.5578443612151477,0.08690787019768743
naive_online,0,0.5628381190178943,0.08724584103512015
naive_online,0,0.5678318768206408,0.08794430194210333
naive_online,0,0.5728256346233874,0.08899382491827097
naive_online,0,0.577819392426134,0.08858480374504861
naive_online,0,0.5828131502288806,0.08961085326669047
naive_online,0,0.5880149812734082,0.09058740268931352
naive_online,0,0.5930087390761548,0.09157894736842105
naive_online,0,0.5980024968789014,0.09359777313848296
naive_online,0,0.602996254681648,0.09385783298826778
naive_online,0,0.6079900124843945,0.09342915811088295
naive_online,0,0.6129837702871411,0.09504412763068568
naive_online,0,0.6179775280898876,0.09494949494949495
naive_online,0,0.6231793591344154,0.09515859766277128
naive_online,0,0.6281731169371619,0.09539582643259358
naive_online,0,0.6331668747399084,0.09562931317778509
naive_online,0,0.638160632542655,0.09553309422888817
naive_online,0,0.6431543903454016,0.09737948883856357
naive_online,0,0.6481481481481481,0.0985553772070626
naive_online,0,0.6531419059508947,0.09875756610385474
naive_online,0,0.6583437369954224,0.09987357774968394
naive_online,0,0.663337494798169,0.1006900878293601
naive_online,0,0.6683312526009155,0.10242839352428394
naive_online,0,0.6733250104036621,0.10259579728059333
naive_online,0,0.6783187682064087,0.10276073619631902
naive_online,0,0.6833125260091553,0.10292326431181487
naive_online,0,0.6883062838119018,0.10278113663845223
naive_online,0,0.6935081148564295,0.1041104110411041
naive_online,0,0.6985018726591761,0.10485552576705391
naive_online,0,0.7034956304619226,0.10499852114758947
naive_online,0,0.7084893882646691,0.10572687224669604
naive_online,0,0.7134831460674157,0.10586176727909011
naive_online,0,0.7184769038701623,0.10599478714161599
naive_online,0,0.7234706616729089,0.10670117917745182
naive_online,0,0.7286724927174365,0.10793832095945174
naive_online,0,0.7336662505201831,0.1074872376630743
naive_online,0,0.7386600083229297,0.1076056338028169
naive_online,0,0.7436537661256762,0.10828203693340795
naive_online,0,0.7486475239284228,0.10839355197331851
naive_online,0,0.7536412817311694,0.10850358917725014
naive_online,0,0.758843112775697,0.10885659446120098
naive_online,0,0.7638368705784436,0.10950694633614819
naive_online,0,0.7688306283811902,0.10987821380243572
naive_online,0,0.7738243861839368,0.1099757999462221
naive_online,0,0.7788181439866834,0.11114079615281859
naive_online,0,0.7838119017894298,0.1112290947703743
naive_online,0,0.7888056595921764,0.11237140596148773
naive_online,0,0.7940074906367042,0.11294549266247379
naive_online,0,0.7990012484394506,0.11432291666666666
naive_online,0,0.8039950062421972,0.11438923395445134
naive_online,0,0.8089887640449438,0.11496913580246913
naive_online,0,0.8139825218476904,0.11605316973415133
naive_online,0,0.818976279650437,0.11610772357723577
naive_online,0,0.8239700374531835,0.11691919191919192
naive_online,0,0.8291718684977112,0.11844416562107905
naive_online,0,0.8341656263004578,0.11898228984784236
naive_online,0,0.8391593841032043,0.12050582692784528
naive_online,0,0.8441531419059509,0.12028592556075918
naive_online,0,0.8491468997086975,0.12006861063464837
naive_online,0,0.8541406575114441,0.12082825822168088
naive_online,0,0.8591344153141905,0.12206345362073141
naive_online,0,0.8643362463587183,0.1234954260953298
naive_online,0,0.8693300041614649,0.12446146481570129
naive_online,0,0.8743237619642114,0.12517848643503093
naive_online,0,0.8793175197669579,0.12683388547089447
naive_online,0,0.8843112775697045,0.12917647058823528
naive_online,0,0.8893050353724511,0.13055685540477305
naive_online,0,0.8942987931751977,0.13192182410423453
naive_online,0,0.8995006242197253,0.13370344668054593
naive_online,0,0.9044943820224719,0.1350356567747872
naive_online,0,0.9094881398252185,0.13726835964310227
naive_online,0,0.9144818976279651,0.1392491467576792
naive_online,0,0.9194756554307116,0.14030323602625028
naive_online,0,0.9244694132334582,0.14269637632230475
naive_online,0,0.9294631710362048,0.1448399373181106
naive_online,0,0.9346650020807324,0.14715048975957257
naive_online,0,0.939658759883479,0.14902568644818423
naive_online,0,0.9446525176862256,0.15088105726872247
naive_online,0,0.9496462754889721,0.15403155127081508
naive_online,0,0.9546400332917186,0.1554054054054054
naive_online,0,0.9596337910944652,0.1582827406764961
naive_online,0,0.9646275488972118,0.16048317515099222
naive_online,0,0.9698293799417395,0.16348423085174854
naive_online,0,0.974823137744486,0.1664887940234792
naive_online,0,0.9798168955472326,0.1690380123168401
naive_online,0,0.9848106533499792,0.1721952250158462
naive_online,0,0.9898044111527258,0.1744797141055287
naive_online,0,0.9947981689554724,0.17695042878058984
naive_online,0,1.0,0.1795672076570953
offline_ahc,0,0.00020807324178110696,1.0
offline_ahc,0,0.005201831044527674,0.8
offline_ahc,0,0.01019558884727424,0.40816326530612246
offline_ahc,0,0.015189346650020807,0.5068493150684932
offline_ahc,0,0.020183104452767373,0.44329896907216493
offline_ahc,0,0.02517686225551394,0.4462809917355372
offline_ahc,0,0.030170620058260506,0.4689655172413793
offline_ahc,0,0.03537245110278818,0.4823529411764706
offline_ahc,0,0.040366208905534745,0.5463917525773195
offline_ahc,0,0.04535996670828132,0.5596330275229358
offline_ahc,0,0.05035372451102788,0.5082644628099173
offline_ahc,0,0.05534748231377445,0.4774436090225564
offline_ahc,0,0.06034124011652101,0.44482758620689655
offline_ahc,0,0.06533499791926758,0.43630573248407645
offline_ahc,0,0.07053682896379526,0.41002949852507375
offline_ahc,0,0.07553058676654183,0.3884297520661157
offline_ahc,0,0.08052434456928839,0.3669250645994832
offline_ahc,0,0.08551810237203496,0.34793187347931875
offline_ahc,0,0.09051186017478152,0.3333333333333333
offline_ahc,0,0.09550561797752809,0.3159041394335512
offline_ahc,0,0.10049937578027465,0.3002070393374741
offline_ahc,0,0.10570120682480233,0.2952755905511811
offline_ahc,0,0.1106949646275489,0.28383458646616544
offline_ahc,0,0.11568872243029546,0.2733812949640288
offline_ahc,0,0.12068248023304202,0.2655172413793103
offline_ahc,0,0.1256762380357886,0.2599337748344371
offline_ahc,0,0.13066999583853517,0.25477707006369427
offline_ahc,0,0.13566375364128172,0.25153374233128833
offline_ahc,0,0.1408655846858094,0.24519940915805022
offline_ahc,0,0.14585934248855598,0.24108416547788872
offline_ahc,0,0.15085310029130253,0.23724137931034484
offline_ahc,0,0.1558468580940491,0.2336448598130841
offline_ahc,0,0.16084061589679569,0.23415265200517466
offline_ahc,0,0.16583437369954224,0.23337515683814303
offline_ahc,0,0.17082813150228882,0.23142509135200975
offline_ahc,0,0.1760299625468165,0.2293144208037825
offline_ahc,0,0.18102372034956304,0.22758620689655173
offline_ahc,0,0.18601747815230962,0.23042505592841164
offline_ahc,0,0.19101123595505617,0.22875816993464052
offline_ahc,0,0.19600499375780275,0.22505307855626328
offline_ahc,0,0.2009987515605493,0.2204968944099379
offline_ahc,0,0.20599250936329588,0.2191919191919192
offline_ahc,0,0.21119434040782356,0.21773399014778325
offline_ahc,0,0.2161880982105701,0.21462945139557266
offline_ahc,0,0.2211818560133167,0.21260583254938853
offline_ahc,0,0.22617561381606324,0.21343146274149033
offline_ahc,0,0.23116937161880982,0.21152115211521152
offline_ahc,0,0.2361631294215564,0.2105726872246696
offline_ahc,0,0.24115688722430295,0.2079378774805867
offline_ahc,0,0.24635871826883063,0.20777027027027026
offline_ahc,0,0.2513524760715772,0.20860927152317882
offline_ahc,0,0.25634623387432376,0.2069805194805195
offline_ahc,0,0.26133999167707034,0.2085987261146497
offline_ahc,0,0.2663337494798169,0.20703125
offline_ahc,0,0.27132750728256344,0.2085889570552147
offline_ahc,0,0.27652933832709115,0.2091798344620015
offline_ahc,0,0.2815230961298377,0.2099039172209904
offline_ahc,0,0.28651685393258425,0.20915032679738563
offline_ahc,0,0.2915106117353308,0.20842255531763026
offline_ahc,0,0.2965043695380774,0.20912280701754385
offline_ahc,0,0.301498127340824,0.2056590752242926
offline_ahc,0,0.30649188514357056,0.20638153428377462
offline_ahc,0,0.3116937161880982,0.2082777036048064
offline_ahc,0,0.3166874739908448,0.20630749014454666
offline_ahc,0,0.32168123179359137,0.20439844760672704
offline_ahc,0,0.3266749895963379,0.2031847133757962
offline_ahc,0,0.3316687473990845,0.2013801756587202
offline_ahc,0,0.33666250520183105,0.1996291718170581
offline_ahc,0,0.34165626300457763,0.1997563946406821
offline_ahc,0,0.3468580940491053,0.19976004799040192
offline_ahc,0,0.35185185185185186,0.1986989946777055
offline_ahc,0,0.35684560965459844,0.19708454810495626
offline_ahc,0,0.36183936745734496,0.1960897067280046
offline_ahc,0,0.36683312526009154,0.19398752127056154
offline_ahc,0,0.3718268830628381,0.19306099608282037
offline_ahc,0,0.3768206408655847,0.1921590281612369
offline_ahc,0,0.38202247191011235,0.1906318082788671
offline_ahc,0,0.38701622971285893,0.18978494623655914
offline_ahc,0,0.3920099875156055,0.18895966029723993
offline_ahc,0,0.3970037453183521,0.18815513626834382
offline_ahc,0,0.4019975031210986,0.1873706004140787
offline_ahc,0,0.4069912609238452,0.18711656441717792
offline_ahc,0,0.41198501872659177,0.18585858585858586
offline_ahc,0,0.4171868497711194,0.18453865336658354
offline_ahc,0,0.422180607573866,0.1838344011828487
offline_ahc,0,0.4271743653766126,0.18168533852898197
offline_ahc,0,0.43216812317935915,0.18103033220991815
offline_ahc,0,0.4371618809821057,0.1808662541646835
offline_ahc,0,0.44215563878485226,0.17929411764705883
offline_ahc,0,0.44714939658759884,0.178687761749651
offline_ahc,0,0.4523512276321265,0.1780128794848206
offline_ahc,0,0.45734498543487306,0.17788898999090083
offline_ahc,0,0.46233874323761964,0.1782178217821782
offline_ahc,0,0.4673325010403662,0.1772039180765806
offline_ahc,0,0.4723262588431128,0.1762114537444934
offline_ahc,0,0.4773200166458593,0.17698343504795117
offline_ahc,0,0.4823137744486059,0.17687661777394306
offline_ahc,0,0.4875156054931336,0.17541613316261204
offline_ahc,0,0.49250936329588013,0.17574989438107308
offline_ahc,0,0.4975031210986267,0.17440401505646172
offline_ahc,0,0.5024968789013733,0.17349896480331262
offline_ahc,0,0.5074906367041199,0.17343173431734318
offline_ahc,0,0.5124843945068664,0.17336581404790904
offline_ahc,0,0.5176862255513941,0.17443729903536978
offline_ahc,0,0.5226799833541407,0.1735668789808917
offline_ahc,0,0.5276737411568873,0.17310725552050474
offline_ahc,0,0.5326674989596338,0.173828125
offline_ahc,0,0.5376612567623804,0.17337461300309598
offline_ahc,0,0.5426550145651269,0.17331288343558282
offline_ahc,0,0.5476487723678735,0.1736322188449848
offline_ahc,0,0.5528506034124012,0.17275122318404215
offline_ahc,0,0.5578443612151477,0.17195076464005968
offline_ahc,0,0.5628381190178943,0.17264325323475047
offline_ahc,0,0.5678318768206408,0.1714913887871015
offline_ahc,0,0.5728256346233874,0.17144932800581184
offline_ahc,0,0.577819392426134,0.17104789341015483
offline_ahc,0,0.5828131502288806,0.17065333809353803
offline_ahc,0,0.5880149812734082,0.17126680820948337
offline_ahc,0,0.5930087390761548,0.17228070175438598
offline_ahc,0,0.5980024968789014,0.17188587334725122
offline_ahc,0,0.602996254681648,0.17184265010351968
offline_ahc,0,0.6079900124843945,0.17145790554414783
offline_ahc,0,0.6129837702871411,0.17175831636116767
offline_ahc,0,0.6179775280898876,0.1717171717171717
offline_ahc,0,0.6231793591344154,0.1726210350584307
offline_ahc,0,0.6281731169371619,0.17191122888373633
offline_ahc,0,0.6331668747399084,0.17219848833388104
offline_ahc,0,0.638160632542655,0.17182914900554289
offline_ahc,0,0.6431543903454016,0.17243610482044647
offline_ahc,0,0.6481481481481481,0.17174959871589085
offline_ahc,0,0.6531419059508947,0.17234788149092067
offline_ahc,0,0.6583437369954224,0.17256637168141592
offline_ahc,0,0.663337494798169,0.17220828105395233
offline_ahc,0,0.6683312526009155,0.1727895392278954
offline_ahc,0,0.6733250104036621,0.17212608158220025
offline_ahc,0,0.6783187682064087,0.1736196319018405
offline_ahc,0,0.6833125260091553,0.17478684531059682
offline_ahc,0,0.6883062838119018,0.17533252720677148
offline_ahc,0,0.6935081148564295,0.17641764176417643
offline_ahc,0,0.6985018726591761,0.17724158474828716
offline_ahc,0,0.7034956304619226,0.17805383022774326
offline_ahc,0,0.7084893882646691,0.17914831130690162
offline_ahc,0,0.7134831460674157,0.17964421114027412
offline_ahc,0,0.7184769038701623,0.17955401100492324
offline_ahc,0,0.7234706616729089,0.180903077365545
offline_ahc,0,0.7286724927174365,0.182181610508281
offline_ahc,0,0.7336662505201831,0.18264322178105502
offline_ahc,0,0.7386600083229297,0.1847887323943662
offline_ahc,0,0.7436537661256762,0.1846670397313934
offline_ahc,0,0.7486475239284228,0.18565869927737633
offline_ahc,0,0.7536412817311694,0.1871893981225842
offline_ahc,0,0.758843112775697,0.18700301617768028
offline_ahc,0,0.7638368705784436,0.1879596840098066
offline_ahc,0,0.7688306283811902,0.18863328822733424
offline_ahc,0,0.7738243861839368,0.1901048668997042
offline_ahc,0,0.7788181439866834,0.1907560780122896
offline_ahc,0,0.7838119017894298,0.1927263074064242
offline_ahc,0,0.7888056595921764,0.1933526773938275
offline_ahc,0,0.7940074906367042,0.19392033542976939
offline_ahc,0,0.7990012484394506,0.19505208333333332
offline_ahc,0,0.8039950062421972,0.19591097308488614
offline_ahc,0,0.8089887640449438,0.19753086419753085
offline_ahc,0,0.8139825218476904,0.19989775051124745
offline_ahc,0,0.818976279650437,0.20121951219512196
offline_ahc,0,0.8239700374531835,0.20277777777777778
offline_ahc,0,0.8291718684977112,0.20351317440401506
offline_ahc,0,0.8341656263004578,0.20478922424544774
offline_ahc,0,0.8391593841032043,0.205802132407637
offline_ahc,0,0.8441531419059509,0.2072960315504067
offline_ahc,0,0.8491468997086975,0.20803724577309482
offline_ahc,0,0.8541406575114441,0.2095006090133983
offline_ahc,0,0.8591344153141905,0.21046258173891982
offline_ahc,0,0.8643362463587183,0.2128069330765527
offline_ahc,0,0.8693300041614649,0.21517472474868357
offline_ahc,0,0.8743237619642114,0.21703950499762018
offline_ahc,0,0.8793175197669579,0.21911973497397066
offline_ahc,0,0.8843112775697045,0.22141176470588236
offline_ahc,0,0.8893050353724511,0.22274216190921853
offline_ahc,0,0.8942987931751977,0.22452303396928805
offline_ahc,0,0.8995006242197253,0.22761970853573907
offline_ahc,0,0.9044943820224719,0.23027375201288244
offline_ahc,0,0.9094881398252185,0.23221230839624799
offline_ahc,0,0.9144818976279651,0.23321956769055746
offline_ahc,0,0.9194756554307116,0.23602625028286942
offline_ahc,0,0.9244694132334582,0.23835246455097908
offline_ahc,0,0.9294631710362048,0.24087754645175732
offline_ahc,0,0.9346650020807324,0.2433214603739982
offline_ahc,0,0.939658759883479,0.24446412754650132
offline_ahc,0,0.9446525176862256,0.24581497797356827
offline_ahc,0,0.9496462754889721,0.24780893952673094
offline_ahc,0,0.9546400332917186,0.2495640802092415
offline_ahc,0,0.9596337910944652,0.2515177797051171
offline_ahc,0,0.9646275488972118,0.25345125107851596
offline_ahc,0,0.9698293799417395,0.2555245655438747
offline_ahc,0,0.974823137744486,0.2576307363927428
offline_ahc,0,0.9798168955472326,0.25950307921002336
offline_ahc,0,0.9848106533499792,0.26114515106697656
offline_ahc,0,0.9898044111527258,0.26361151986546144
offline_ahc,0,0.9947981689554724,0.26605312696088684
offline_ahc,0,1.0,0.2682064086558469
online,1,0.0002099517111064455,1.0
online,1,0.005038841066554693,0.5
online,1,0.010077682133109386,0.2916666666666667
online,1,0.015116523199664077,0.20833333333333334
online,1,0.02015536426621877,0.15625
online,1,0.025194205332773462,0.125
online,1,0.030233046399328153,0.1111111111111111
online,1,0.03527188746588285,0.09523809523809523
online,1,0.04031072853243754,0.08333333333333333
online,1,0.04534956959899223,0.07407407407407407
online,1,0.050388410665546925,0.075
online,1,0.05542725173210162,0.07196969696969698
online,1,0.06046609279865631,0.06944444444444445
online,1,0.065504933865211,0.0641025641025641
online,1,0.0705437749317657,0.0625
online,1,0.07537266428721394,0.06128133704735376
online,1,0.08041150535376863,0.057441253263707574
online,1,0.08545034642032333,0.05405405405405406
online,1,0.09048918748687802,0.05336426914153132
online,1,0.09552802855343272,0.05274725274725275
online,1,0.1005668696199874,0.054279749478079335
online,1,0.10560571068654209,0.05765407554671968
online,1,0.11064455175309679,0.056925996204933584
online,1,0.11568339281965148,0.056261343012704176
online,1,0.12072223388620618,0.05391304347826087
online,1,0.12576107495276087,0.05342237061769616
online,1,0.13079991601931557,0.05457463884430177
online,1,0.13583875708587026,0.05409582689335394
online,1,0.14087759815242495,0.05514157973174367
online,1,0.14570648750787318,0.05475504322766571
online,1,0.15074532857442788,0.052924791086350974
online,1,0.15578416964098257,0.05390835579514825
online,1,0.16082301070753727,0.05352480417754569
online,1,0.16586185177409196,0.053164556962025315
online,1,0.17090069284064666,0.051597051597051594
online,1,0.17593953390720135,0.05250596658711217
online,1,0.18097837497375605,0.052204176334106726
online,1,0.18601721604031074,0.05191873589164785
online,1,0.19105605710686543,0.054945054945054944
online,1,0.1960948981734201,0.056745182012847964
online,1,0.2011337392399748,0.05636743215031315
online,1,0.2061725803065295,0.05702647657841141
online,1,0.21121142137308418,0.05765407554671968
online,1,0.21604031072853244,0.057337220602526724
online,1,0.22107915179508714,0.05698005698005698
online,1,0.22611799286164183,0.057567316620241414
online,1,0.23115683392819653,0.05812897366030881
online,1,0.23619567499475122,0.057777777777777775
online,1,0.2412345160613059,0.058311575282854654
online,1,0.24627335712786058,0.05711849957374254
online,1,0.2513121981944153,0.05764411027568922
online,1,0.25635103926096997,0.05733005733005733
online,1,0.2613898803275247,0.0570281124497992
online,1,0.26642872139407936,0.05988967691095351
online,1,0.271467562460634,0.05955143078112916
online,1,0.27650640352718875,0.058466211085801065
online,1,0.2815452445937434,0.05965697240865026
online,1,0.2863741339491917,0.06085043988269795
online,1,0.29141297501574637,0.05979827089337176
online,1,0.2964518160823011,0.059490084985835696
online,1,0.30149065714885576,0.05988857938718663
online,1,0.3065294982154105,0.06095890410958904
online,1,0.31156833928196515,0.06064690026954178
online,1,0.31660718034851987,0.0623342175066313
online,1,0.32164602141507453,0.06201044386422976
online,1,0.3266848624816292,0.062339331619537273
online,1,0.3317237035481839,0.06329113924050633
online,1,0.3367625446147386,0.06296758104738155
online,1,0.3418013856812933,0.06511056511056511
online,1,0.346840226747848,0.06598062953995157
online,1,0.3518790678144027,0.06682577565632458
online,1,0.35691790888095737,0.06764705882352941
online,1,0.36174679823640565,0.06790481717933837
online,1,0.3667856393029603,0.06983400114481969
online,1,0.371824480369515,0.0722755505364201
online,1,0.3768633214360697,0.07186629526462396
online,1,0.3819021625026244,0.07421660252886202
online,1,0.3869410035691791,0.07433532284319046
online,1,0.39197984463573377,0.07552222817354044
online,1,0.3970186857022885,0.07667900581702802
online,1,0.40205752676884315,0.0783289817232376
online,1,0.4070963678353979,0.07942238267148015
online,1,0.41213520890195254,0.07845134997452878
online,1,0.41717404996850727,0.08002013085052843
online,1,0.42221289103506193,0.0800596718050721
online,1,0.42725173210161665,0.08108108108108109
online,1,0.4320806214570649,0.08211856171039844
online,1,0.43711946252361955,0.08261287223823247
online,1,0.4421583035901743,0.08214624881291548
online,1,0.44719714465672894,0.0835680751173709
online,1,0.45223598572328366,0.08356545961002786
online,1,0.45727482678983833,0.08356290174471992
online,1,0.46231366785639305,0.08356039963669391
online,1,0.4673525089229477,0.08400718778077268
online,1,0.47239134998950244,0.084
online,1,0.4774301910560571,0.08663148636763413
online,1,0.4824690321226118,0.08616187989556136
online,1,0.4875078731891665,0.08527131782945736
online,1,0.49254671425572116,0.08525149190110827
online,1,0.4975855553222759,0.08523206751054853
online,1,0.5024144446777241,0.08566652737150021
online,1,0.5074532857442788,0.08729830368225072
online,1,0.5124921268108336,0.0876689881196231
online,1,0.5175309678773882,0.08762677484787018
online,1,0.5225698089439429,0.08798714343109683
online,1,0.5276086500104976,0.08794269797055312
online,1,0.5326474910770522,0.08829325975561687
online,1,0.537686332143607,0.08902772354549005
online,1,0.5427251732101617,0.08897485493230174
online,1,0.5477640142767164,0.09007282483710234
online,1,0.552802855343271,0.09039118875807065
online,1,0.5578416964098257,0.0899510726383139
online,1,0.5628805374763804,0.08989183140619172
online,1,0.5679193785429352,0.08983364140480592
online,1,0.5727482678983834,0.08980938416422288
online,1,0.577787108964938,0.08938953488372094
online,1,0.5828259500314927,0.0904178674351585
online,1,0.5878647910980475,0.09035714285714286
online,1,0.5929036321646022,0.09135977337110482
online,1,0.5979424732311568,0.09129213483146068
online,1,0.6029813142977115,0.09122562674094707
online,1,0.6080201553642662,0.09116022099447514
online,1,0.613058996430821,0.09143835616438356
online,1,0.6180978374973756,0.09137228260869565
online,1,0.6231366785639303,0.09198113207547169
online,1,0.628175519630485,0.09191176470588236
online,1,0.6332143606970397,0.09283819628647215
online,1,0.6382532017635943,0.09243421052631579
online,1,0.6430820911190426,0.09239307868103167
online,1,0.6481209321855973,0.0916747651441529
online,1,0.653159773252152,0.09257473481195758
online,1,0.6581986143187067,0.0937799043062201
online,1,0.6632374553852614,0.09401709401709402
online,1,0.6682762964518161,0.09456487590323594
online,1,0.6733151375183708,0.09541627689429373
online,1,0.6783539785849255,0.09594552770040235
online,1,0.6833928196514801,0.09646697388632873
online,1,0.6884316607180349,0.0969807868252516
online,1,0.6934705017845896,0.09839539812291856
online,1,0.6985093428511442,0.09888788698527201
online,1,0.7035481839176989,0.09907490301402566
online,1,0.7085870249842536,0.10044444444444445
online,1,0.7136258660508084,0.10150044130626655
online,1,0.7184547554062566,0.10227936879018118
online,1,0.7234935964728113,0.1033081834010447
online,1,0.7285324375393659,0.10461095100864554
online,1,0.7335712786059206,0.10675443617630223
online,1,0.7386101196724754,0.10744741330301308
online,1,0.74364896073903,0.10926030491247883
online,1,0.7486878018055847,0.11048794167134043
online,1,0.7537266428721394,0.11114206128133705
online,1,0.7587654839386941,0.11234089651355839
online,1,0.7638043250052488,0.11379879054425508
online,1,0.7688431660718035,0.11578372474057892
online,1,0.7738820071383582,0.11774281063483451
online,1,0.7789208482049129,0.11886792452830189
online,1,0.7839596892714675,0.1205141938939475
online,1,0.7887885786269158,0.12270428533404312
online,1,0.7938274196934705,0.12351229833377414
online,1,0.7988662607600252,0.12483574244415244
online,1,0.8039051018265799,0.1264037607730478
online,1,0.8089439428931345,0.126914092914612
online,1,0.8139827839596893,0.12870776373484652
online,1,0.819021625026244,0.12996667521148422
online,1,0.8240604660927987,0.13070063694267517
online,1,0.8290993071593533,0.13193213471765003
online,1,0.834138148225908,0.13314875409010823
online,1,0.8391769892924628,0.13535151363522643
online,1,0.8442158303590174,0.1355384232777916
online,1,0.8492546714255721,0.13597033374536466
online,1,0.8542935124921268,0.1363971491767019
online,1,0.859122401847575,0.13831867057673508
online,1,0.8641612429141298,0.1392128279883382
online,1,0.8692000839806845,0.1398550724637681
online,1,0.8742389250472391,0.1409702209414025
online,1,0.8792777661137938,0.1413562559694365
online,1,0.8843166071803485,0.14173789173789172
online,1,0.8893554482469032,0.1423512747875354
online,1,0.8943942893134579,0.14272300469483568
online,1,0.8994331303800126,0.14332399626517273
online,1,0.9044719714465673,0.14438254410399257
online,1,0.9095108125131219,0.14473684210526316
online,1,0.9145496535796767,0.1455463728191001
online,1,0.9195884946462314,0.14680365296803652
online,1,0.9246273357127861,0.14759309718437782
online,1,0.9294562250682343,0.14976281906482947
online,1,0.9344950661347889,0.1525499887665693
online,1,0.9395339072013437,0.15329608938547487
online,1,0.9445727482678984,0.15447877306068014
online,1,0.9496115893344531,0.15609108998452353
online,1,0.9546504304010077,0.15724653617769957
online,1,0.9596892714675624,0.15904616057755414
online,1,0.9647281125341172,0.15995647442872687
online,1,0.9697669536006719,0.16215631088980298
online,1,0.9748057946672265,0.16347189317251776
online,1,0.9798446357337812,0.16520248553674738
online,1,0.9848834768003359,0.16755489234704754
online,1,0.9899223178668907,0.17073170731707318
online,1,0.9949611589334453,0.1726102553281283
online,1,1.0,0.17467982364056267
naive_online,1,0.0002099517111064455,1.0
naive_online,1,0.005038841066554693,0.2916666666666667
naive_online,1,0.010077682133109386,0.25
naive_online,1,0.015116523199664077,0.20833333333333334
naive_online,1,0.02015536426621877,0.15625
naive_online,1,0.025194205332773462,0.13333333333333333
naive_online,1,0.030233046399328153,0.13194444444444445
naive_online,1,0.03527188746588285,0.11904761904761904
naive_online,1,0.04031072853243754,0.11979166666666667
naive_online,1,0.04534956959899223,0.10648148148148148
naive_online,1,0.050388410665546925,0.09583333333333334
naive_online,1,0.05542725173210162,0.09090909090909091
naive_online,1,0.06046609279865631,0.08333333333333333
naive_online,1,0.065504933865211,0.08333333333333333
naive_online,1,0.0705437749317657,0.08333333333333333
naive_online,1,0.07537266428721394,0.07799442896935933
naive_online,1,0.08041150535376863,0.08093994778067885
naive_online,1,0.08545034642032333,0.07616707616707617
naive_online,1,0.09048918748687802,0.0765661252900232
naive_online,1,0.09552802855343272,0.07692307692307693
naive_online,1,0.1005668696199874,0.07724425887265135
naive_online,1,0.10560571068654209,0.07554671968190854
naive_online,1,0.11064455175309679,0.07590132827324478
naive_online,1,0.11568339281965148,0.07259528130671507
naive_online,1,0.12072223388620618,0.07130434782608695
naive_online,1,0.12576107495276087,0.07011686143572621
naive_online,1,0.13079991601931557,0.06741573033707865
naive_online,1,0.13583875708587026,0.06646058732612056
naive_online,1,0.14087759815242495,0.06855439642324888
naive_online,1,0.14570648750787318,0.069164265129683
naive_online,1,0.15074532857442788,0.06685236768802229
naive_online,1,0.15578416964098257,0.0660377358490566
naive_online,1,0.16082301070753727,0.06657963446475196
naive_online,1,0.16586185177409196,0.06835443037974684
naive_online,1,0.17090069284064666,0.06633906633906633
naive_online,1,0.17593953390720135,0.06563245823389022
naive_online,1,0.18097837497375605,0.06496519721577726
naive_online,1,0.18601721604031074,0.06433408577878104
naive_online,1,0.19105605710686543,0.06483516483516484
naive_online,1,0.1960948981734201,0.06316916488222699
naive_online,1,0.2011337392399748,0.06263048016701461
naive_online,1,0.2061725803065295,0.06109979633401222
naive_online,1,0.21121142137308418,0.05964214711729622
naive_online,1,0.21604031072853244,0.05830903790087463
naive_online,1,0.22107915179508714,0.05698005698005698
naive_online,1,0.22611799286164183,0.056638811513463325
naive_online,1,0.23115683392819653,0.05722070844686648
naive_online,1,0.23619567499475122,0.05688888888888889
naive_online,1,0.2412345160613059,0.0557006092254134
naive_online,1,0.24627335712786058,0.05456095481670929
naive_online,1,0.2513121981944153,0.05513784461152882
naive_online,1,0.25635103926096997,0.055692055692055695
naive_online,1,0.2613898803275247,0.05542168674698795
naive_online,1,0.26642872139407936,0.054373522458628844
naive_online,1,0.271467562460634,0.05336426914153132
naive_online,1,0.27650640352718875,0.05239179954441914
naive_online,1,0.2815452445937434,0.05145413870246085
naive_online,1,0.2863741339491917,0.051319648093841645
naive_online,1,0.29141297501574637,0.05043227665706052
naive_online,1,0.2964518160823011,0.05099150141643059
naive_online,1,0.30149065714885576,0.05083565459610028
naive_online,1,0.3065294982154105,0.05273972602739726
naive_online,1,0.31156833928196515,0.05188679245283019
naive_online,1,0.31660718034851987,0.05172413793103448
naive_online,1,0.32164602141507453,0.050913838120104436
naive_online,1,0.3266848624816292,0.05141388174807198
naive_online,1,0.3317237035481839,0.05126582278481013
naive_online,1,0.3367625446147386,0.05236907730673317
naive_online,1,0.3418013856812933,0.052825552825552825
naive_online,1,0.346840226747848,0.05447941888619855
naive_online,1,0.3518790678144027,0.05489260143198091
naive_online,1,0.35691790888095737,0.05529411764705883
naive_online,1,0.36174679823640565,0.056877539175856064
naive_online,1,0.3667856393029603,0.05666857469948483
naive_online,1,0.371824480369515,0.05646527385657821
naive_online,1,0.3768633214360697,0.0584958217270195
naive_online,1,0.3819021625026244,0.058823529411764705
naive_online,1,0.3869410035691791,0.05805751492132393
naive_online,1,0.39197984463573377,0.05838243170862346
naive_online,1,0.3970186857022885,0.05817028027498678
naive_online,1,0.40205752676884315,0.05848563968668407
naive_online,1,0.4070963678353979,0.05827746260959257
naive_online,1,0.41213520890195254,0.05909322465613857
naive_online,1,0.41717404996850727,0.059386009058882736
naive_online,1,0.42221289103506193,0.0591745400298359
naive_online,1,0.42725173210161665,0.05847665847665848
naive_online,1,0.4320806214570649,0.05830903790087463
naive_online,1,0.43711946252361955,0.05811719500480307
naive_online,1,0.4421583035901743,0.05887939221272555
naive_online,1,0.44719714465672894,0.05821596244131456
naive_online,1,0.45223598572328366,0.058031569173630455
naive_online,1,0.45727482678983833,0.05831037649219467
naive_online,1,0.46231366785639305,0.05903723887375113
naive_online,1,0.4673525089229477,0.05929919137466307
naive_online,1,0.47239134998950244,0.059111111111111114
naive_online,1,0.4774301910560571,0.059366754617414245
naive_online,1,0.4824690321226118,0.060487380330722366
naive_online,1,0.4875078731891665,0.060723514211886306
naive_online,1,0.49254671425572116,0.06095481670929241
naive_online,1,0.4975855553222759,0.0620253164556962
naive_online,1,0.5024144446777241,0.06142916840785625
naive_online,1,0.5074532857442788,0.06247414149772445
naive_online,1,0.5124921268108336,0.06390823433019255
naive_online,1,0.5175309678773882,0.0640973630831643
naive_online,1,0.5225698089439429,0.06388107673764563
naive_online,1,0.5276086500104976,0.06327099084759252
naive_online,1,0.5326474910770522,0.06267244777296019
naive_online,1,0.537686332143607,0.0640374853572823
naive_online,1,0.5427251732101617,0.06344294003868473
naive_online,1,0.5477640142767164,0.06324262169413568
naive_online,1,0.552802855343271,0.06342575009494873
naive_online,1,0.5578416964098257,0.0636055701919458
naive_online,1,0.5628805374763804,0.06378217083177919
naive_online,1,0.5679193785429352,0.06321626617375231
naive_online,1,0.5727482678983834,0.062683284457478
naive_online,1,0.577787108964938,0.06286337209302326
naive_online,1,0.5828259500314927,0.06340057636887608
naive_online,1,0.5878647910980475,0.06357142857142857
naive_online,1,0.5929036321646022,0.06480169971671389
naive_online,1,0.5979424732311568,0.06425561797752809
naive_online,1,0.6029813142977115,0.0644150417827298
naive_online,1,0.6080201553642662,0.06595303867403315
naive_online,1,0.613058996430821,0.06609589041095891
naive_online,1,0.6180978374973756,0.06657608695652174
naive_online,1,0.6231366785639303,0.06671159029649595
naive_online,1,0.628175519630485,0.06684491978609626
naive_online,1,0.6332143606970397,0.06697612732095491
naive_online,1,0.6382532017635943,0.06710526315789474
naive_online,1,0.6430820911190426,0.06758080313418217
naive_online,1,0.6481209321855973,0.06737933268545514
naive_online,1,0.653159773252152,0.06910961105753777
naive_online,1,0.6581986143187067,0.06889952153110047
naive_online,1,0.6632374553852614,0.06964229186451408
naive_online,1,0.6682762964518161,0.07037386113729187
naive_online,1,0.6733151375183708,0.07171811661989398
naive_online,1,0.6783539785849255,0.07304240173320953
naive_online,1,0.6833928196514801,0.07465437788018434
naive_online,1,0.6884316607180349,0.07563281488258615
naive_online,1,0.6934705017845896,0.07599152285800786
naive_online,1,0.6985093428511442,0.07694619777577397
naive_online,1,0.7035481839176989,0.07908087138167712
naive_online,1,0.7085870249842536,0.0802962962962963
naive_online,1,0.7136258660508084,0.08090614886731391
naive_online,1,0.7184547554062566,0.08270017533606078
naive_online,1,0.7234935964728113,0.08357515960533952
naive_online,1,0.7285324375393659,0.08530259365994236
naive_online,1,0.7335712786059206,0.08672009158557527
naive_online,1,0.7386101196724754,0.08840250142126208
naive_online,1,0.74364896073903,0.08949745906267645
naive_online,1,0.7486878018055847,0.09057767807066741
naive_online,1,0.7537266428721394,0.09108635097493037
naive_online,1,0.7587654839386941,0.0926950747094632
naive_online,1,0.7638043250052488,0.09345794392523364
naive_online,1,0.7688431660718035,0.09448388858547242
naive_online,1,0.7738820071383582,0.09495387954422138
naive_online,1,0.7789208482049129,0.0967654986522911
naive_online,1,0.7839596892714675,0.09775040171397964
naive_online,1,0.7887885786269158,0.10007985094490285
naive_online,1,0.7938274196934705,0.1015604337476858
naive_online,1,0.7988662607600252,0.10275952693823916
naive_online,1,0.8039051018265799,0.10342125881431183
naive_online,1,0.8089439428931345,0.1043342849727485
naive_online,1,0.8139827839596893,0.1062677327830797
naive_online,1,0.819021625026244,0.1071520123045373
naive_online,1,0.8240604660927987,0.10955414012738854
naive_online,1,0.8290993071593533,0.11192707014434033
naive_online,1,0.834138148225908,0.1142713314875409
naive_online,1,0.8391769892924628,0.11558669001751314
naive_online,1,0.8442158303590174,0.11713504103456851
naive_online,1,0.8492546714255721,0.11965389369592089
naive_online,1,0.8542935124921268,0.12115999016957484
naive_online,1,0.859122401847575,0.12316715542521994
naive_online,1,0.8641612429141298,0.12560738581146744
naive_online,1,0.8692000839806845,0.1282608695652174
naive_online,1,0.8742389250472391,0.13064361191162344
naive_online,1,0.8792777661137938,0.13228271251193888
naive_online,1,0.8843166071803485,0.13414055080721748
naive_online,1,0.8893554482469032,0.136685552407932
naive_online,1,0.8943942893134579,0.13826291079812206
naive_online,1,0.8994331303800126,0.1400560224089636
naive_online,1,0.9044719714465673,0.14229340761374187
naive_online,1,0.9095108125131219,0.1438134810710988
naive_online,1,0.9145496535796767,0.1455463728191001
naive_online,1,0.9195884946462314,0.14748858447488583
naive_online,1,0.9246273357127861,0.1503178928247048
naive_online,1,0.9294562250682343,0.15156991190422409
naive_online,1,0.9344950661347889,0.15277465738036397
naive_online,1,0.9395339072013437,0.1553072625698324
naive_online,1,0.9445727482678984,0.15736830406757057
naive_online,1,0.9496115893344531,0.15896528852531505
naive_online,1,0.9546504304010077,0.16142511546074334
naive_online,1,0.9596892714675624,0.1634215707722599
naive_online,1,0.9647281125341172,0.16539717083786726
naive_online,1,0.9697669536006719,0.16821822905390776
naive_online,1,0.9748057946672265,0.1705793667887142
naive_online,1,0.9798446357337812,0.17248767945146776
naive_online,1,0.9848834768003359,0.17565551055212109
naive_online,1,0.9899223178668907,0.17667020148462353
naive_online,1,0.9949611589334453,0.1791517197721038
naive_online,1,1.0,0.18181818181818182
offline_ahc,1,0.0002099517111064455,1.0
offline_ahc,1,0.005038841066554693,0.5833333333333334
offline_ahc,1,0.010077682133109386,0.5625
offline_ahc,1,0.015116523199664077,0.4722222222222222
offline_ahc,1,0.02015536426621877,0.4791666666666667
offline_ahc,1,0.025194205332773462,0.425
offline_ahc,1,0.030233046399328153,0.4583333333333333
offline_ahc,1,0.03527188746588285,0.42857142857142855
offline_ahc,1,0.04031072853243754,0.4375
offline_ahc,1,0.04534956959899223,0.3888888888888889
offline_ahc,1,0.050388410665546925,0.35
offline_ahc,1,0.05542725173210162,0.3181818181818182
offline_ahc,1,0.06046609279865631,0.2916666666666667
offline_ahc,1,0.065504933865211,0.27884615384615385
offline_ahc,1,0.0705437749317657,0.27380952380952384
offline_ahc,1,0.07537266428721394,0.27298050139275765
offline_ahc,1,0.08041150535376863,0.2689295039164491
offline_ahc,1,0.08545034642032333,0.26044226044226043
offline_ahc,1,0.09048918748687802,0.2529002320185615
offline_ahc,1,0.09552802855343272,0.24395604395604395
offline_ahc,1,0.1005668696199874,0.23382045929018788
offline_ahc,1,0.10560571068654209,0.22266401590457258
offline_ahc,1,0.11064455175309679,0.2125237191650854
offline_ahc,1,0.11568339281965148,0.20326678765880218
offline_ahc,1,0.12072223388620618,0.19478260869565217
offline_ahc,1,0.12576107495276087,0.18697829716193656
offline_ahc,1,0.13079991601931557,0.18138041733547353
offline_ahc,1,0.13583875708587026,0.17465224111282843
offline_ahc,1,0.14087759815242495,0.16989567809239942
offline_ahc,1,0.14570648750787318,0.1642651296829971
offline_ahc,1,0.15074532857442788,0.16016713091922005
offline_ahc,1,0.15578416964098257,0.15498652291105122
offline_ahc,1,0.16082301070753727,0.15013054830287206
offline_ahc,1,0.16586185177409196,0.14810126582278482
offline_ahc,1,0.17090069284064666,0.14496314496314497
offline_ahc,1,0.17593953390720135,0.14200477326968974
offline_ahc,1,0.18097837497375605,0.14037122969837587
offline_ahc,1,0.18601721604031074,0.13769751693002258
offline_ahc,1,0.19105605710686543,0.13626373626373625
offline_ahc,1,0.1960948981734201,0.1349036402569593
offline_ahc,1,0.2011337392399748,0.13465553235908143
offline_ahc,1,0.2061725803065295,0.13441955193482688
offline_ahc,1,0.21121142137308418,0.1341948310139165
offline_ahc,1,0.21604031072853244,0.13508260447035958
offline_ahc,1,0.22107915179508714,0.13295346628679963
offline_ahc,1,0.22611799286164183,0.1309192200557103
offline_ahc,1,0.23115683392819653,0.1307901907356948
offline_ahc,1,0.23619567499475122,0.1288888888888889
offline_ahc,1,0.2412345160613059,0.1279373368146214
offline_ahc,1,0.24627335712786058,0.12617220801364024
offline_ahc,1,0.2513121981944153,0.12531328320802004
offline_ahc,1,0.25635103926096997,0.12448812448812449
offline_ahc,1,0.2613898803275247,0.12289156626506025
offline_ahc,1,0.26642872139407936,0.12056737588652482
offline_ahc,1,0.271467562460634,0.12219644238205724
offline_ahc,1,0.27650640352718875,0.12072892938496584
offline_ahc,1,0.2815452445937434,0.1215510812826249
offline_ahc,1,0.2863741339491917,0.12023460410557185
offline_ahc,1,0.29141297501574637,0.11959654178674352
offline_ahc,1,0.2964518160823011,0.11898016997167139
offline_ahc,1,0.30149065714885576,0.12116991643454039
offline_ahc,1,0.3065294982154105,0.12123287671232877
offline_ahc,1,0.31156833928196515,0.1192722371967655
offline_ahc,1,0.31660718034851987,0.11870026525198939
offline_ahc,1,0.32164602141507453,0.1174934725848564
offline_ahc,1,0.3266848624816292,0.11889460154241645
offline_ahc,1,0.3317237035481839,0.12025316455696203
offline_ahc,1,0.3367625446147386,0.12032418952618454
offline_ahc,1,0.3418013856812933,0.12407862407862408
offline_ahc,1,0.346840226747848,0.1234866828087167
offline_ahc,1,0.3518790678144027,0.12291169451073986
offline_ahc,1,0.35691790888095737,0.12470588235294118
offline_ahc,1,0.36174679823640565,0.126523505513639
offline_ahc,1,0.3667856393029603,0.12650257584430452
offline_ahc,1,0.371824480369515,0.12704686617730096
offline_ahc,1,0.3768633214360697,0.12924791086350976
offline_ahc,1,0.3819021625026244,0.1308411214953271
offline_ahc,1,0.3869410035691791,0.13076505697232774
offline_ahc,1,0.39197984463573377,0.13229780396357793
offline_ahc,1,0.3970186857022885,0.1327340031729244
offline_ahc,1,0.40205752676884315,0.13315926892950392
offline_ahc,1,0.4070963678353979,0.13460546673543064
offline_ahc,1,0.41213520890195254,0.13499745287824758
offline_ahc,1,0.41717404996850727,0.13487669854051335
offline_ahc,1,0.42221289103506193,0.13475882645450024
offline_ahc,1,0.42725173210161665,0.13611793611793613
offline_ahc,1,0.4320806214570649,0.13751214771622935
offline_ahc,1,0.43711946252361955,0.13688760806916425
offline_ahc,1,0.4421583035901743,0.13865147198480532
offline_ahc,1,0.44719714465672894,0.13896713615023473
offline_ahc,1,0.45223598572328366,0.13974001857010213
offline_ahc,1,0.45727482678983833,0.14049586776859505
offline_ahc,1,0.46231366785639305,0.14032697547683923
offline_ahc,1,0.4673525089229477,0.14106019766397124
offline_ahc,1,0.47239134998950244,0.14177777777777778
offline_ahc,1,0.4774301910560571,0.14116094986807387
offline_ahc,1,0.4824690321226118,0.14012184508268058
offline_ahc,1,0.4875078731891665,0.13910422049956933
offline_ahc,1,0.49254671425572116,0.13768115942028986
offline_ahc,1,0.4975855553222759,0.13839662447257384
offline_ahc,1,0.5024144446777241,0.1391558712912662
offline_ahc,1,0.5074532857442788,0.13860157219693836
offline_ahc,1,0.5124921268108336,0.1384678410487505
offline_ahc,1,0.5175309678773882,0.13752535496957405
offline_ahc,1,0.5225698089439429,0.13780634793089594
offline_ahc,1,0.5276086500104976,0.13728611221647433
offline_ahc,1,0.5326474910770522,0.1383523847063461
offline_ahc,1,0.537686332143607,0.13783678250683326
offline_ahc,1,0.5427251732101617,0.13771760154738877
offline_ahc,1,0.5477640142767164,0.13683403602912994
offline_ahc,1,0.552802855343271,0.13558678313710595
offline_ahc,1,0.5578416964098257,0.13624388407978924
offline_ahc,1,0.5628805374763804,0.13577023498694518
offline_ahc,1,0.5679193785429352,0.13604436229205175
offline_ahc,1,0.5727482678983834,0.1348973607038123
offline_ahc,1,0.577787108964938,0.13517441860465115
offline_ahc,1,0.5828259500314927,0.1340057636887608
offline_ahc,1,0.5878647910980475,0.13464285714285715
offline_ahc,1,0.5929036321646022,0.13385269121813032
offline_ahc,1,0.5979424732311568,0.13412921348314608
offline_ahc,1,0.6029813142977115,0.13405292479108635
offline_ahc,1,0.6080201553642662,0.13397790055248618
offline_ahc,1,0.613058996430821,0.1339041095890411
offline_ahc,1,0.6180978374973756,0.1331521739130435
offline_ahc,1,0.6231366785639303,0.13308625336927224
offline_ahc,1,0.628175519630485,0.13268716577540107
offline_ahc,1,0.6332143606970397,0.13295755968169762
offline_ahc,1,0.6382532017635943,0.13355263157894737
offline_ahc,1,0.6430820911190426,0.1328762650995756
offline_ahc,1,0.6481209321855973,0.13249109167476514
offline_ahc,1,0.653159773252152,0.1327547412407586
offline_ahc,1,0.6581986143187067,0.1317384370015949
offline_ahc,1,0.6632374553852614,0.13073757518201962
offline_ahc,1,0.6682762964518161,0.13226515865535657
offline_ahc,1,0.6733151375183708,0.1322107888992828
offline_ahc,1,0.6783539785849255,0.13153822346022903
offline_ahc,1,0.6833928196514801,0.13118279569892474
offline_ahc,1,0.6884316607180349,0.1305275998780116
offline_ahc,1,0.6934705017845896,0.1298819255222525
offline_ahc,1,0.6985093428511442,0.12984670874661858
offline_ahc,1,0.7035481839176989,0.12981199641897942
offline_ahc,1,0.7085870249842536,0.12977777777777777
offline_ahc,1,0.7136258660508084,0.13033245072080024
offline_ahc,1,0.7184547554062566,0.12945645821157217
offline_ahc,1,0.7234935964728113,0.12913522925130586
offline_ahc,1,0.7285324375393659,0.1288184438040346
offline_ahc,1,0.7335712786059206,0.12936462507155122
offline_ahc,1,0.7386101196724754,0.1290505969300739
offline_ahc,1,0.74364896073903,0.12845849802371542
offline_ahc,1,0.7486878018055847,0.12871564778463265
offline_ahc,1,0.7537266428721394,0.1286908077994429
offline_ahc,1,0.7587654839386941,0.12866629773104593
offline_ahc,1,0.7638043250052488,0.1302913688840022
offline_ahc,1,0.7688431660718035,0.1299836155106499
offline_ahc,1,0.7738820071383582,0.13076505697232774
offline_ahc,1,0.7789208482049129,0.1307277628032345
offline_ahc,1,0.7839596892714675,0.1309587573647563
offline_ahc,1,0.7887885786269158,0.13068937982432793
offline_ahc,1,0.7938274196934705,0.13118222692409415
offline_ahc,1,0.7988662607600252,0.13245729303547962
offline_ahc,1,0.8039051018265799,0.13241055105771743
offline_ahc,1,0.8089439428931345,0.13340254347261873
offline_ahc,1,0.8139827839596893,0.134640185710601
offline_ahc,1,0.819021625026244,0.13611894386054857
offline_ahc,1,0.8240604660927987,0.13656050955414012
offline_ahc,1,0.8290993071593533,0.1369967080273487
offline_ahc,1,0.834138148225908,0.1386861313868613
offline_ahc,1,0.8391769892924628,0.1388541406054541
offline_ahc,1,0.8442158303590174,0.13976622730664015
offline_ahc,1,0.8492546714255721,0.1411619283065513
offline_ahc,1,0.8542935124921268,0.14180388301794053
offline_ahc,1,0.859122401847575,0.1424731182795699
offline_ahc,1,0.8641612429141298,0.14407191448007775
offline_ahc,1,0.8692000839806845,0.14492753623188406
offline_ahc,1,0.8742389250472391,0.14625360230547552
offline_ahc,1,0.8792777661137938,0.14804202483285578
offline_ahc,1,0.8843166071803485,0.14957264957264957
offline_ahc,1,0.8893554482469032,0.1510859301227573
offline_ahc,1,0.8943942893134579,0.15258215962441316
offline_ahc,1,0.8994331303800126,0.15452847805788983
offline_ahc,1,0.9044719714465673,0.15691736304549675
offline_ahc,1,0.9095108125131219,0.1592797783933518
offline_ahc,1,0.9145496535796767,0.16138659320477503
offline_ahc,1,0.9195884946462314,0.16210045662100456
offline_ahc,1,0.9246273357127861,0.16416893732970028
offline_ahc,1,0.9294562250682343,0.16602665461938107
offline_ahc,1,0.9344950661347889,0.16805212311840037
offline_ahc,1,0.9395339072013437,0.1693854748603352
offline_ahc,1,0.9445727482678984,0.1713714158701934
offline_ahc,1,0.9496115893344531,0.1726730046429361
offline_ahc,1,0.9546504304010077,0.17440070376072137
offline_ahc,1,0.9596892714675624,0.17654780135637715
offline_ahc,1,0.9647281125341172,0.17889009793253535
offline_ahc,1,0.9697669536006719,0.18164104784585408
offline_ahc,1,0.9748057946672265,0.1837174240792591
offline_ahc,1,0.9798446357337812,0.18534390400685666
offline_ahc,1,0.9848834768003359,0.18887230867618846
offline_ahc,1,0.9899223178668907,0.19151643690349948
offline_ahc,1,0.9949611589334453,0.19455581346275586
offline_ahc,1,1.0,0.19714465672895234
online,2,0.00021039343572480537,1.0
online,2,0.005049442457395329,0.5833333333333334
online,2,0.010098884914790659,0.3125
online,2,0.015148327372185988,0.2777777777777778
online,2,0.020197769829581318,0.2708333333333333
online,2,0.025247212286976645,0.23333333333333334
online,2,0.030296654744371977,0.2361111111111111
online,2,0.035346097201767304,0.25
online,2,0.040395539659162635,0.2552083333333333
online,2,0.04523458868083316,0.24651162790697675
online,2,0.050284031138228484,0.24686192468619247
online,2,0.055333473595623815,0.24334600760456274
online,2,0.060382916053019146,0.23693379790940766
online,2,0.06543235851041447,0.2282958199356913
online,2,0.0704818009678098,0.22388059701492538
online,2,0.07553124342520513,0.22284122562674094
online,2,0.08058068588260046,0.21671018276762402
online,2,0.08541973490427099,0.2044334975369458
online,2,0.09046917736166632,0.20465116279069767
online,2,0.09551861981906165,0.20704845814977973
online,2,0.10056806227645697,0.20292887029288703
online,2,0.1056175047338523,0.20318725099601595
online,2,0.11066694719124763,0.20342205323193915
online,2,0.11571638964864296,0.2
online,2,0.12076583210603829,0.1951219512195122
online,2,0.12560488112770882,0.19262981574539365
online,2,0.13065432358510415,0.19001610305958133
online,2,0.13570376604249948,0.19224806201550387
online,2,0.1407532084998948,0.18684603886397608
online,2,0.14580265095729014,0.18903318903318903
online,2,0.15085209341468547,0.1896792189679219
online,2,0.1559015358720808,0.1862348178137652
online,2,0.1609509783294761,0.18823529411764706
online,2,0.16600042078687144,0.18757921419518378
online,2,0.17083946980854198,0.18596059113300492
online,2,0.1758889122659373,0.18181818181818182
online,2,0.18093835472333264,0.17906976744186046
online,2,0.18598779718072797,0.1753393665158371
online,2,0.1910372396381233,0.17290748898678415
online,2,0.19608668209551863,0.17489270386266095
online,2,0.20113612455291394,0.17573221757322174
online,2,0.20618556701030927,0.17653061224489797
online,2,0.2110246160319798,0.1744765702891326
online,2,0.21607405848937514,0.17818889970788704
online,2,0.22112350094677047,0.17507136060894388
online,2,0.2261729434041658,0.173953488372093
online,2,0.23122238586156113,0.17288444040036396
online,2,0.23627182831895646,0.17275155832591274
online,2,0.24132127077635177,0.17000871839581516
online,2,0.2463707132337471,0.17250213492741248
online,2,0.25120976225541763,0.1708542713567839
online,2,0.25625920471281294,0.16995073891625614
online,2,0.2613086471702083,0.16666666666666666
online,2,0.2663580896276036,0.16824644549763032
online,2,0.27140753208499896,0.16589147286821707
online,2,0.27645697454239426,0.1659056316590563
online,2,0.2815064169997896,0.16517189835575485
online,2,0.2865558594571849,0.16519823788546256
online,2,0.2916053019145803,0.16233766233766234
online,2,0.29644435093625077,0.1596877217885025
online,2,0.3014937933936461,0.16050244242847173
online,2,0.30654323585104143,0.15854495538778313
online,2,0.3115926783084368,0.1573261309925726
online,2,0.3166421207658321,0.15614617940199335
online,2,0.32169156322322745,0.15696533682145192
online,2,0.32674100568062275,0.15582743077913716
online,2,0.3317904481380181,0.15472415979708307
online,2,0.3366294971596886,0.15375
online,2,0.34167893961708395,0.15270935960591134
online,2,0.34672838207447926,0.15230582524271843
online,2,0.3517778245318746,0.15311004784688995
online,2,0.3568272669892699,0.15330188679245282
online,2,0.3618767094466653,0.15174418604651163
online,2,0.3669261519040606,0.15080275229357798
online,2,0.37197559436145594,0.1493212669683258
online,2,0.3768146433831264,0.14796203238414293
online,2,0.3818640858405218,0.14765840220385676
online,2,0.3869135282979171,0.14790647090810222
online,2,0.39196297075531245,0.14707461084272677
online,2,0.39701241321270775,0.14573396926338103
online,2,0.4020618556701031,0.14599686028257458
online,2,0.4071112981274984,0.14573643410852713
online,2,0.41216074058489377,0.14548238897396631
online,2,0.41699978960656425,0.14581231079717458
online,2,0.4220492320639596,0.14456630109670987
online,2,0.4270986745213549,0.1438423645320197
online,2,0.4321481169787503,0.14313534566699124
online,2,0.4371975594361456,0.14340712223291627
online,2,0.44224700189354094,0.1422454804947669
online,2,0.44729644435093624,0.1425211665098777
online,2,0.4523458868083316,0.14186046511627906
online,2,0.4573953292657269,0.14259429622815087
online,2,0.46223437828739744,0.14292216659080564
online,2,0.46728382074479274,0.14182800540297164
online,2,0.4723332632021881,0.1403118040089087
online,2,0.4773827056595834,0.14059056853239313
online,2,0.48243214811697877,0.14086349760139555
online,2,0.48748159057437407,0.13983599482088907
online,2,0.4925310330317694,0.139683895771038
online,2,0.49758047548916473,0.13911205073995772
online,2,0.5024195245108353,0.13819095477386933
online,2,0.5074689669682306,0.1384742951907131
online,2,0.5125184094256259,0.13793103448275862
online,2,0.5175678518830212,0.13739837398373983
online,2,0.5226172943404166,0.13768115942028986
online,2,0.527666736797812,0.1383572567783094
online,2,0.5327161792552072,0.13783570300157977
online,2,0.5377656217126026,0.13732394366197184
online,2,0.5426046707342731,0.1364870104691741
online,2,0.5476541131916685,0.13791778716865155
online,2,0.5527035556490637,0.13818043395508184
online,2,0.5577529981064591,0.13843832516031687
online,2,0.5628024405638544,0.13794392523364485
online,2,0.5678518830212498,0.13856984068173397
online,2,0.572901325478645,0.13881748071979436
online,2,0.5779507679360404,0.13906079359301055
online,2,0.5830002103934357,0.13966077228437387
online,2,0.5878392594151063,0.14030064423765212
online,2,0.5928887018725015,0.14017033356990774
online,2,0.5979381443298969,0.1389866291344124
online,2,0.6029875867872923,0.13921842288904396
online,2,0.6080370292446876,0.13944636678200692
online,2,0.6130864717020829,0.14104323953328757
online,2,0.6181359141594782,0.14091218515997278
online,2,0.6231853566168736,0.14078325455773127
online,2,0.6280244056385441,0.1410385259631491
online,2,0.6330738480959394,0.14323695579926887
online,2,0.6381232905533347,0.14375206066600726
online,2,0.6431727330107301,0.14327772325809618
online,2,0.6482221754681254,0.14313534566699124
online,2,0.6532716179255207,0.14396135265700483
online,2,0.658321060382916,0.14413550655161395
online,2,0.6633705028403114,0.1455756422454805
online,2,0.6682095518619819,0.14641057934508817
online,2,0.6732589943193772,0.1475
online,2,0.6783084367767725,0.14733250620347393
online,2,0.6833578792341679,0.14716748768472906
online,2,0.6884073216915633,0.14792176039119803
online,2,0.6934567641489585,0.14896844660194175
online,2,0.6985062066063539,0.1493975903614458
online,2,0.7035556490637492,0.1492224880382775
online,2,0.7083946980854198,0.15028215028215028
online,2,0.713444140542815,0.1524624004718372
online,2,0.7184935830002104,0.15285505124450952
online,2,0.7235430254576057,0.1520790927595231
online,2,0.7285924679150011,0.15275772451631534
online,2,0.7336419103723963,0.15428735302552338
online,2,0.7386913528297917,0.15408715465679293
online,2,0.7437407952871871,0.15417256011315417
online,2,0.7487902377445824,0.15481876931722394
online,2,0.7536292867662528,0.15577889447236182
online,2,0.7586787292236482,0.15668330560177482
online,2,0.7637281716810436,0.1578512396694215
online,2,0.7687776141384389,0.15873015873015872
online,2,0.7738270565958342,0.15878194671016857
online,2,0.7788764990532295,0.15991356023770933
online,2,0.7839259415106249,0.16049382716049382
online,2,0.7889753839680202,0.16213333333333332
online,2,0.7938144329896907,0.16273522395971377
online,2,0.798863875447086,0.16486700026336581
online,2,0.8039133179044814,0.16461659251504843
online,2,0.8089627603618768,0.16514954486345904
online,2,0.814012202819272,0.16567588524166452
online,2,0.8190616452766674,0.16696634985872078
online,2,0.8241110877340627,0.1672198110799081
online,2,0.8291605301914581,0.16747018523217458
online,2,0.8339995792131285,0.16801210898082744
online,2,0.8390490216705239,0.1692577733199599
online,2,0.8440984641279192,0.17048853439680958
online,2,0.8491479065853146,0.17195242814667988
online,2,0.8541973490427098,0.17364532019704434
online,2,0.8592467915001052,0.1743388834476004
online,2,0.8642962339575005,0.1747809152872444
online,2,0.8693456764148959,0.17618586640851888
online,2,0.8743951188722912,0.1766121270452358
online,2,0.8792341678939617,0.17755443886097153
online,2,0.884283610351357,0.17796811801094456
online,2,0.8893330528087524,0.17814052519517387
online,2,0.8943824952661477,0.1787814631851329
online,2,0.899431937723543,0.17894736842105263
online,2,0.9044813801809384,0.18004187020237264
online,2,0.9095308226383337,0.18112421929215822
online,2,0.914580265095729,0.18242466068553026
online,2,0.9194193141173995,0.1837528604118993
online,2,0.9244687565747949,0.18456986800182065
online,2,0.9295181990321902,0.18583069262109553
online,2,0.9345676414895855,0.18707789284106258
online,2,0.9396170839469808,0.1889834303627407
online,2,0.9446665264043762,0.19020044543429845
online,2,0.9497159688617716,0.19162605228179
online,2,0.9547654113191668,0.19347730277655356
online,2,0.9596044603408374,0.19600964700723525
online,2,0.9646539027982327,0.19825517993456926
online,2,0.9697033452556281,0.20112822738121067
online,2,0.9747527877130233,0.20375566587524283
online,2,0.9798022301704187,0.2052823706248658
online,2,0.984851672627814,0.20828882717368083
online,2,0.9899011150852094,0.2106269925611052
online,2,0.9949505575426046,0.2139987312328188
online,2,1.0,0.21691563223227436
naive_online,2,0.00021039343572480537,1.0
naive_online,2,0.005049442457395329,0.5
naive_online,2,0.010098884914790659,0.375
naive_online,2,0.015148327372185988,0.2777777777777778
naive_online,2,0.020197769829581318,0.22916666666666666
naive_online,2,0.025247212286976645,0.225
naive_online,2,0.030296654744371977,0.2013888888888889
naive_online,2,0.035346097201767304,0.18452380952380953
naive_online,2,0.040395539659162635,0.16145833333333334
naive_online,2,0.04523458868083316,0.14418604651162792
naive_online,2,0.050284031138228484,0.1297071129707113
naive_online,2,0.055333473595623815,0.12927756653992395
naive_online,2,0.060382916053019146,0.11846689895470383
naive_online,2,0.06543235851041447,0.1157556270096463
naive_online,2,0.0704818009678098,0.11940298507462686
naive_online,2,0.07553124342520513,0.11420612813370473
naive_online,2,0.08058068588260046,0.11488250652741515
naive_online,2,0.08541973490427099,0.11330049261083744
naive_online,2,0.09046917736166632,0.11162790697674418
naive_online,2,0.09551861981906165,0.10792951541850221
naive_online,2,0.10056806227645697,0.10460251046025104
naive_online,2,0.1056175047338523,0.099601593625498
naive_online,2,0.11066694719124763,0.09695817490494296
naive_online,2,0.11571638964864296,0.09272727272727273
naive_online,2,0.12076583210603829,0.08885017421602788
naive_online,2,0.12560488112770882,0.08542713567839195
naive_online,2,0.13065432358510415,0.08373590982286634
naive_online,2,0.13570376604249948,0.08217054263565891
naive_online,2,0.1407532084998948,0.08071748878923767
naive_online,2,0.14580265095729014,0.07936507936507936
naive_online,2,0.15085209341468547,0.0794979079497908
naive_online,2,0.1559015358720808,0.07692307692307693
naive_online,2,0.1609509783294761,0.07712418300653595
naive_online,2,0.16600042078687144,0.07731305449936629
naive_online,2,0.17083946980854198,0.07512315270935961
naive_online,2,0.1758889122659373,0.0729665071770335
naive_online,2,0.18093835472333264,0.07325581395348837
naive_online,2,0.18598779718072797,0.07352941176470588
naive_online,2,0.1910372396381233,0.07158590308370044
naive_online,2,0.19608668209551863,0.07081545064377683
naive_online,2,0.20113612455291394,0.07112970711297072
naive_online,2,0.20618556701030927,0.07142857142857142
naive_online,2,0.2110246160319798,0.06979062811565304
naive_online,2,0.21607405848937514,0.07010710808179163
naive_online,2,0.22112350094677047,0.07231208372978117
naive_online,2,0.2261729434041658,0.07348837209302325
naive_online,2,0.23122238586156113,0.07279344858962693
naive_online,2,0.23627182831895646,0.07123775601068566
naive_online,2,0.24132127077635177,0.07323452484742807
naive_online,2,0.2463707132337471,0.07429547395388557
naive_online,2,0.25120976225541763,0.07705192629815745
naive_online,2,0.25625920471281294,0.07881773399014778
naive_online,2,0.2613086471702083,0.07809983896940419
naive_online,2,0.2663580896276036,0.07740916271721959
naive_online,2,0.27140753208499896,0.07906976744186046
naive_online,2,0.27645697454239426,0.07990867579908675
naive_online,2,0.2815064169997896,0.08221225710014948
naive_online,2,0.2865558594571849,0.08223201174743025
naive_online,2,0.2916053019145803,0.08225108225108226
naive_online,2,0.29644435093625077,0.0823278921220724
naive_online,2,0.3014937933936461,0.08304256803907886
naive_online,2,0.30654323585104143,0.08442004118050789
naive_online,2,0.3115926783084368,0.08575286968264687
naive_online,2,0.3166421207658321,0.08770764119601329
naive_online,2,0.32169156322322745,0.09221713538260301
naive_online,2,0.32674100568062275,0.09336767546683837
naive_online,2,0.3317904481380181,0.09448319594166138
naive_online,2,0.3366294971596886,0.094375
naive_online,2,0.34167893961708395,0.09544334975369458
naive_online,2,0.34672838207447926,0.09587378640776699
naive_online,2,0.3517778245318746,0.09569377990430622
naive_online,2,0.3568272669892699,0.09669811320754718
naive_online,2,0.3618767094466653,0.10058139534883721
naive_online,2,0.3669261519040606,0.10263761467889908
naive_online,2,0.37197559436145594,0.10407239819004525
naive_online,2,0.3768146433831264,0.10552763819095477
naive_online,2,0.3818640858405218,0.10798898071625344
naive_online,2,0.3869135282979171,0.10929853181076672
naive_online,2,0.39196297075531245,0.11003757380568975
naive_online,2,0.39701241321270775,0.11181770005299417
naive_online,2,0.4020618556701031,0.11459968602825746
naive_online,2,0.4071112981274984,0.11472868217054263
naive_online,2,0.41216074058489377,0.11638591117917305
naive_online,2,0.41699978960656425,0.11755802219979819
naive_online,2,0.4220492320639596,0.11764705882352941
naive_online,2,0.4270986745213549,0.11921182266009853
naive_online,2,0.4321481169787503,0.12074001947419669
naive_online,2,0.4371975594361456,0.1217516843118383
naive_online,2,0.44224700189354094,0.12369172216936251
naive_online,2,0.44729644435093624,0.12464722483537159
naive_online,2,0.4523458868083316,0.12558139534883722
naive_online,2,0.4573953292657269,0.12603495860165592
naive_online,2,0.46223437828739744,0.12790168411470187
naive_online,2,0.46728382074479274,0.12696983340837462
naive_online,2,0.4723332632021881,0.12739420935412027
naive_online,2,0.4773827056595834,0.12692816218598502
naive_online,2,0.48243214811697877,0.12690798081116442
naive_online,2,0.48748159057437407,0.12861458782908933
naive_online,2,0.4925310330317694,0.1294318667236224
naive_online,2,0.49758047548916473,0.12980972515856237
naive_online,2,0.5024195245108353,0.1306532663316583
naive_online,2,0.5074689669682306,0.13142620232172472
naive_online,2,0.5125184094256259,0.1330049261083744
naive_online,2,0.5175678518830212,0.13373983739837397
naive_online,2,0.5226172943404166,0.1356682769726248
naive_online,2,0.527666736797812,0.13676236044657097
naive_online,2,0.5327161792552072,0.13783570300157977
naive_online,2,0.5377656217126026,0.1396713615023474
naive_online,2,0.5426046707342731,0.13958898797983715
naive_online,2,0.5476541131916685,0.13945447560507107
naive_online,2,0.5527035556490637,0.14008374571754853
naive_online,2,0.5577529981064591,0.14032440588457187
naive_online,2,0.5628024405638544,0.14018691588785046
naive_online,2,0.5678518830212498,0.14153390144497963
naive_online,2,0.572901325478645,0.14138817480719795
naive_online,2,0.5779507679360404,0.1437932289770659
naive_online,2,0.5830002103934357,0.14399133886683507
naive_online,2,0.5878392594151063,0.14495347172512527
naive_online,2,0.5928887018725015,0.14584811923349894
naive_online,2,0.5979381443298969,0.1474313863476425
naive_online,2,0.6029875867872923,0.14933705512909978
naive_online,2,0.6080370292446876,0.14948096885813147
naive_online,2,0.6130864717020829,0.15030885380919698
naive_online,2,0.6181359141594782,0.1524846834581348
naive_online,2,0.6231853566168736,0.15327481431465226
naive_online,2,0.6280244056385441,0.15376884422110554
naive_online,2,0.6330738480959394,0.1548687271518777
naive_online,2,0.6381232905533347,0.15562149686778767
naive_online,2,0.6431727330107301,0.15865227347072294
naive_online,2,0.6482221754681254,0.1600129827977929
naive_online,2,0.6532716179255207,0.1603864734299517
naive_online,2,0.658321060382916,0.1601150527325024
naive_online,2,0.6633705028403114,0.16079923882017128
naive_online,2,0.6682095518619819,0.1608942065491184
naive_online,2,0.6732589943193772,0.1621875
naive_online,2,0.6783084367767725,0.16222084367245657
naive_online,2,0.6833578792341679,0.16410098522167488
naive_online,2,0.6884073216915633,0.16595354523227385
naive_online,2,0.6934567641489585,0.1662621359223301
naive_online,2,0.6985062066063539,0.16656626506024097
naive_online,2,0.7035556490637492,0.1659688995215311
naive_online,2,0.7083946980854198,0.1669141669141669
naive_online,2,0.713444140542815,0.1672073134768505
naive_online,2,0.7184935830002104,0.16691068814055637
naive_online,2,0.7235430254576057,0.1671997673742367
naive_online,2,0.7285924679150011,0.1674848397343344
naive_online,2,0.7336419103723963,0.1674792084886722
naive_online,2,0.7386913528297917,0.168612930788949
naive_online,2,0.7437407952871871,0.16888260254596887
naive_online,2,0.7487902377445824,0.16914863725765664
naive_online,2,0.7536292867662528,0.16945840312674484
naive_online,2,0.7586787292236482,0.17027176927343315
naive_online,2,0.7637281716810436,0.17107438016528925
naive_online,2,0.7687776141384389,0.17104542966611933
naive_online,2,0.7738270565958342,0.1710168569874932
naive_online,2,0.7788764990532295,0.17098865478119935
naive_online,2,0.7839259415106249,0.17122920021470747
naive_online,2,0.7889753839680202,0.17173333333333332
naive_online,2,0.7938144329896907,0.17227670288894778
naive_online,2,0.798863875447086,0.17382143797735053
naive_online,2,0.8039133179044814,0.17403820989269825
naive_online,2,0.8089627603618768,0.1755526657997399
naive_online,2,0.814012202819272,0.17653140346342724
naive_online,2,0.8190616452766674,0.17672745954276908
naive_online,2,0.8241110877340627,0.1774317079397498
naive_online,2,0.8291605301914581,0.17761989342806395
naive_online,2,0.8339995792131285,0.17885973763874874
naive_online,2,0.8390490216705239,0.18029087261785356
naive_online,2,0.8440984641279192,0.1812063808574277
naive_online,2,0.8491479065853146,0.18211100099108027
naive_online,2,0.8541973490427098,0.1832512315270936
naive_online,2,0.8592467915001052,0.18437806072477964
naive_online,2,0.8642962339575005,0.18597857838364168
naive_online,2,0.8693456764148959,0.18707647628267182
naive_online,2,0.8743951188722912,0.18768046198267566
naive_online,2,0.8792341678939617,0.1897583153864561
naive_online,2,0.884283610351357,0.18986438258386867
naive_online,2,0.8893330528087524,0.19020581973030518
naive_online,2,0.8943824952661477,0.19054340155257588
naive_online,2,0.899431937723543,0.19111111111111112
naive_online,2,0.9044813801809384,0.19190509420795535
naive_online,2,0.9095308226383337,0.19338422391857507
naive_online,2,0.914580265095729,0.19484702093397746
naive_online,2,0.9194193141173995,0.19679633867276888
naive_online,2,0.9244687565747949,0.19799726900318615
naive_online,2,0.9295181990321902,0.19941149841557265
naive_online,2,0.9345676414895855,0.2010355695632598
naive_online,2,0.9396170839469808,0.20219435736677116
naive_online,2,0.9446665264043762,0.2044543429844098
naive_online,2,0.9497159688617716,0.20646876384581303
naive_online,2,0.9547654113191668,0.20802115469369767
naive_online,2,0.9596044603408374,0.21004165753124315
naive_online,2,0.9646539027982327,0.21199563794983642
naive_online,2,0.9697033452556281,0.2137123020177913
naive_online,2,0.9747527877130233,0.21433196632851284
naive_online,2,0.9798022301704187,0.21687781833798583
naive_online,2,0.984851672627814,0.21875667592394787
naive_online,2,0.9899011150852094,0.2199787460148778
naive_online,2,0.9949505575426046,0.22097695072954113
naive_online,2,1.0,0.22301704186829371
offline_ahc,2,0.00021039343572480537,1.0
offline_ahc,2,0.005049442457395329,0.20833333333333334
offline_ahc,2,0.010098884914790659,0.22916666666666666
offline_ahc,2,0.015148327372185988,0.3333333333333333
offline_ahc,2,0.020197769829581318,0.4375
offline_ahc,2,0.025247212286976645,0.45
offline_ahc,2,0.030296654744371977,0.4444444444444444
offline_ahc,2,0.035346097201767304,0.44642857142857145
offline_ahc,2,0.040395539659162635,0.4479166666666667
offline_ahc,2,0.04523458868083316,0.44651162790697674
offline_ahc,2,0.050284031138228484,0.4476987447698745
offline_ahc,2,0.055333473595623815,0.44106463878326996
offline_ahc,2,0.060382916053019146,0.44947735191637633
offline_ahc,2,0.06543235851041447,0.4533762057877814
offline_ahc,2,0.0704818009678098,0.45671641791044776
offline_ahc,2,0.07553124342520513,0.45403899721448465
offline_ahc,2,0.08058068588260046,0.44386422976501305
offline_ahc,2,0.08541973490427099,0.43842364532019706
offline_ahc,2,0.09046917736166632,0.43488372093023253
offline_ahc,2,0.09551861981906165,0.42290748898678415
offline_ahc,2,0.10056806227645697,0.41422594142259417
offline_ahc,2,0.1056175047338523,0.398406374501992
offline_ahc,2,0.11066694719124763,0.3821292775665399
offline_ahc,2,0.11571638964864296,0.3654545454545455
offline_ahc,2,0.12076583210603829,0.3519163763066202
offline_ahc,2,0.12560488112770882,0.3500837520938023
offline_ahc,2,0.13065432358510415,0.3462157809983897
offline_ahc,2,0.13570376604249948,0.34108527131782945
offline_ahc,2,0.1407532084998948,0.3393124065769806
offline_ahc,2,0.14580265095729014,0.33044733044733043
offline_ahc,2,0.15085209341468547,0.32357043235704325
offline_ahc,2,0.1559015358720808,0.3184885290148448
offline_ahc,2,0.1609509783294761,0.31633986928104574
offline_ahc,2,0.16600042078687144,0.3105196451204056
offline_ahc,2,0.17083946980854198,0.3054187192118227
offline_ahc,2,0.1758889122659373,0.3050239234449761
offline_ahc,2,0.18093835472333264,0.2988372093023256
offline_ahc,2,0.18598779718072797,0.29751131221719457
offline_ahc,2,0.1910372396381233,0.29515418502202645
offline_ahc,2,0.19608668209551863,0.28969957081545067
offline_ahc,2,0.20113612455291394,0.2897489539748954
offline_ahc,2,0.20618556701030927,0.28877551020408165
offline_ahc,2,0.2110246160319798,0.2901296111665005
offline_ahc,2,0.21607405848937514,0.2872444011684518
offline_ahc,2,0.22112350094677047,0.2825880114176974
offline_ahc,2,0.2261729434041658,0.28093023255813954
offline_ahc,2,0.23122238586156113,0.2802547770700637
offline_ahc,2,0.23627182831895646,0.27604630454140694
offline_ahc,2,0.24132127077635177,0.27550130775937226
offline_ahc,2,0.2463707132337471,0.27241673783091375
offline_ahc,2,0.25120976225541763,0.26884422110552764
offline_ahc,2,0.25625920471281294,0.2660098522167488
offline_ahc,2,0.2613086471702083,0.2640901771336554
offline_ahc,2,0.2663580896276036,0.26066350710900477
offline_ahc,2,0.27140753208499896,0.2565891472868217
offline_ahc,2,0.27645697454239426,0.2534246575342466
offline_ahc,2,0.2815064169997896,0.24962630792227206
offline_ahc,2,0.2865558594571849,0.24816446402349487
offline_ahc,2,0.2916053019145803,0.24386724386724387
offline_ahc,2,0.29644435093625077,0.24343506032647266
offline_ahc,2,0.3014937933936461,0.2435450104675506
offline_ahc,2,0.30654323585104143,0.24090597117364448
offline_ahc,2,0.3115926783084368,0.23902768399729912
offline_ahc,2,0.3166421207658321,0.2372093023255814
offline_ahc,2,0.32169156322322745,0.2380640941792021
offline_ahc,2,0.32674100568062275,0.23631680618158404
offline_ahc,2,0.3317904481380181,0.23715916296766013
offline_ahc,2,0.3366294971596886,0.235625
offline_ahc,2,0.34167893961708395,0.23275862068965517
offline_ahc,2,0.34672838207447926,0.23118932038834952
offline_ahc,2,0.3517778245318746,0.23205741626794257
offline_ahc,2,0.3568272669892699,0.23231132075471697
offline_ahc,2,0.3618767094466653,0.23197674418604652
offline_ahc,2,0.3669261519040606,0.2305045871559633
offline_ahc,2,0.37197559436145594,0.22963800904977374
offline_ahc,2,0.3768146433831264,0.22780569514237856
offline_ahc,2,0.3818640858405218,0.22589531680440772
offline_ahc,2,0.3869135282979171,0.2267536704730832
offline_ahc,2,0.39196297075531245,0.22544283413848631
offline_ahc,2,0.39701241321270775,0.22522522522522523
offline_ahc,2,0.4020618556701031,0.2239665096807954
offline_ahc,2,0.4071112981274984,0.22377260981912145
offline_ahc,2,0.41216074058489377,0.22358346094946402
offline_ahc,2,0.41699978960656425,0.22300706357214933
offline_ahc,2,0.4220492320639596,0.2213359920239282
offline_ahc,2,0.4270986745213549,0.22118226600985222
offline_ahc,2,0.4321481169787503,0.22054527750730282
offline_ahc,2,0.4371975594361456,0.21944177093359
offline_ahc,2,0.44224700189354094,0.21788772597526165
offline_ahc,2,0.44729644435093624,0.21777986829727186
offline_ahc,2,0.4523458868083316,0.2186046511627907
offline_ahc,2,0.4573953292657269,0.21849126034958602
offline_ahc,2,0.46223437828739744,0.21802457897132455
offline_ahc,2,0.46728382074479274,0.21701936064835659
offline_ahc,2,0.4723332632021881,0.2173719376391982
offline_ahc,2,0.4773827056595834,0.21683561040105773
offline_ahc,2,0.48243214811697877,0.2158744003488879
offline_ahc,2,0.48748159057437407,0.21622788088044886
offline_ahc,2,0.4925310330317694,0.21657411362665527
offline_ahc,2,0.49758047548916473,0.21691331923890064
offline_ahc,2,0.5024195245108353,0.2152428810720268
offline_ahc,2,0.5074689669682306,0.21393034825870647
offline_ahc,2,0.5125184094256259,0.2138752052545156
offline_ahc,2,0.5175678518830212,0.2146341463414634
offline_ahc,2,0.5226172943404166,0.21457326892109502
offline_ahc,2,0.527666736797812,0.215311004784689
offline_ahc,2,0.5327161792552072,0.21524486571879936
offline_ahc,2,0.5377656217126026,0.21517996870109546
offline_ahc,2,0.5426046707342731,0.2159751841799147
offline_ahc,2,0.5476541131916685,0.21667306953515175
offline_ahc,2,0.5527035556490637,0.21659687856870954
offline_ahc,2,0.5577529981064591,0.21652206714447378
offline_ahc,2,0.5628024405638544,0.21757009345794392
offline_ahc,2,0.5678518830212498,0.21711745090774362
offline_ahc,2,0.572901325478645,0.21777451340433346
offline_ahc,2,0.5779507679360404,0.21732799417546414
offline_ahc,2,0.5830002103934357,0.217971851317214
offline_ahc,2,0.5878392594151063,0.21832498210450965
offline_ahc,2,0.5928887018725015,0.21930447125621008
offline_ahc,2,0.5979381443298969,0.21780436312456017
offline_ahc,2,0.6029875867872923,0.21807397069085835
offline_ahc,2,0.6080370292446876,0.21764705882352942
offline_ahc,2,0.6130864717020829,0.21722717913520934
offline_ahc,2,0.6181359141594782,0.21749489448604492
offline_ahc,2,0.6231853566168736,0.2177582714382174
offline_ahc,2,0.6280244056385441,0.21742043551088777
offline_ahc,2,0.6330738480959394,0.21668328348288468
offline_ahc,2,0.6381232905533347,0.2166172106824926
offline_ahc,2,0.6431727330107301,0.21655217533529605
offline_ahc,2,0.6482221754681254,0.2174618630314833
offline_ahc,2,0.6532716179255207,0.21642512077294687
offline_ahc,2,0.658321060382916,0.21668264621284755
offline_ahc,2,0.6633705028403114,0.2159847764034253
offline_ahc,2,0.6682095518619819,0.21536523929471033
offline_ahc,2,0.6732589943193772,0.215
offline_ahc,2,0.6783084367767725,0.2143300248138958
offline_ahc,2,0.6833578792341679,0.2145935960591133
offline_ahc,2,0.6884073216915633,0.21515892420537897
offline_ahc,2,0.6934567641489585,0.21480582524271843
offline_ahc,2,0.6985062066063539,0.21506024096385543
offline_ahc,2,0.7035556490637492,0.21501196172248804
offline_ahc,2,0.7083946980854198,0.2153252153252153
offline_ahc,2,0.713444140542815,0.21439103509289295
offline_ahc,2,0.7184935830002104,0.21376281112737922
offline_ahc,2,0.7235430254576057,0.21314335562663564
offline_ahc,2,0.7285924679150011,0.21253248628356916
offline_ahc,2,0.7336419103723963,0.2113564668769716
offline_ahc,2,0.7386913528297917,0.21162062090572487
offline_ahc,2,0.7437407952871871,0.21074964639321075
offline_ahc,2,0.7487902377445824,0.21073335206518684
offline_ahc,2,0.7536292867662528,0.21105527638190955
offline_ahc,2,0.7586787292236482,0.21103716028840822
offline_ahc,2,0.7637281716810436,0.21212121212121213
offline_ahc,2,0.7687776141384389,0.21264367816091953
offline_ahc,2,0.7738270565958342,0.2123436650353453
offline_ahc,2,0.7788764990532295,0.21204754186925986
offline_ahc,2,0.7839259415106249,0.21309715512614064
offline_ahc,2,0.7889753839680202,0.21386666666666668
offline_ahc,2,0.7938144329896907,0.21415319374503047
offline_ahc,2,0.798863875447086,0.2141164076902818
offline_ahc,2,0.8039133179044814,0.21408008374771004
offline_ahc,2,0.8089627603618768,0.21352405721716514
offline_ahc,2,0.814012202819272,0.214267252520031
offline_ahc,2,0.8190616452766674,0.21474441304906242
offline_ahc,2,0.8241110877340627,0.21572632116415624
offline_ahc,2,0.8291605301914581,0.21542755645775183
offline_ahc,2,0.8339995792131285,0.2151866801210898
offline_ahc,2,0.8390490216705239,0.21664994984954863
offline_ahc,2,0.8440984641279192,0.21734795613160518
offline_ahc,2,0.8491479065853146,0.21778989098116946
offline_ahc,2,0.8541973490427098,0.21847290640394088
offline_ahc,2,0.8592467915001052,0.21865817825661116
offline_ahc,2,0.8642962339575005,0.2195715676728335
offline_ahc,2,0.8693456764148959,0.21926427879961277
offline_ahc,2,0.8743951188722912,0.21968238691049086
offline_ahc,2,0.8792341678939617,0.22038765254845658
offline_ahc,2,0.884283610351357,0.22174637163930525
offline_ahc,2,0.8893330528087524,0.22308966169860422
offline_ahc,2,0.8943824952661477,0.2244177840508116
offline_ahc,2,0.899431937723543,0.2264327485380117
offline_ahc,2,0.9044813801809384,0.2274947662247034
offline_ahc,2,0.9095308226383337,0.22854499190377053
offline_ahc,2,0.914580265095729,0.22981366459627328
offline_ahc,2,0.9194193141173995,0.2299771167048055
offline_ahc,2,0.9244687565747949,0.23145197997269004
offline_ahc,2,0.9295181990321902,0.23268447261204164
offline_ahc,2,0.9345676414895855,0.23435389464205314
offline_ahc,2,0.9396170839469808,0.23578145991939095
offline_ahc,2,0.9446665264043762,0.2378619153674833
offline_ahc,2,0.9497159688617716,0.23992024811696944
offline_ahc,2,0.9547654113191668,0.24261789334508593
offline_ahc,2,0.9596044603408374,0.24512168384126287
offline_ahc,2,0.9646539027982327,0.2479825517993457
offline_ahc,2,0.9697033452556281,0.24929485788674333
offline_ahc,2,0.9747527877130233,0.2503777250161882
offline_ahc,2,0.9798022301704187,0.2527378140433756
offline_ahc,2,0.984851672627814,0.2544328135013886
offline_ahc,2,0.9899011150852094,0.2558979808714134
offline_ahc,2,0.9949505575426046,0.2573482765912455
offline_ahc,2,1.0,0.259415106248685
